dataset,seed,intervention,outcome_var,d_raw,d_neuron,d_assembly,sign_match_neuron,sign_match_assembly,neuron_f1,assembly_f1
Alzheimers,42,do(APOE4=Carrier),CognitiveDecline,0.13019999999999993,0.026001440576230495,0.026001440576230495,True,True,1.0,1.0
Alzheimers,42,do(PhysicalActivity=Sedentary),CognitiveDecline,0.04299999999999998,0.008620888355342166,0.008620888355342166,True,True,1.0,1.0
Alzheimers,42,do(Diet=Poor),CognitiveDecline,0.055400000000000005,0.011103961584633865,0.011103961584633865,True,True,1.0,1.0
Alzheimers,42,do(Cholesterol=High),CognitiveDecline,0.065,0.01306026410564226,0.01306026410564226,True,True,1.0,1.0
Alzheimers,42,do(Inflammation=High),CognitiveDecline,0.10199999999999992,0.020410564225690292,0.020410564225690292,True,True,1.0,1.0
Alzheimers,42,do(SleepQuality=Poor),CognitiveDecline,0.02859999999999996,0.005756182472989202,0.005756182472989202,True,True,1.0,1.0
Alzheimers,42,do(Education=Low),CognitiveDecline,0.062,0.012357022809123652,0.012357022809123652,True,True,1.0,1.0
Alzheimers,42,do(Amyloid=High),CognitiveDecline,0.20679999999999993,0.04142220888355341,0.04142220888355341,True,True,1.0,1.0
Alzheimers,42,do(Tau=High),CognitiveDecline,0.17519999999999997,0.03502172869147663,0.03502172869147663,True,True,1.0,1.0
Alzheimers,43,do(APOE4=Carrier),CognitiveDecline,0.139,0.02782352941176469,0.02782352941176469,True,True,0.8571428571428572,0.8571428571428572
Alzheimers,43,do(PhysicalActivity=Sedentary),CognitiveDecline,0.05119999999999997,0.010256902761104442,0.010256902761104442,True,True,0.8571428571428572,0.8571428571428572
Alzheimers,43,do(Diet=Poor),CognitiveDecline,0.063,0.012672869147659055,0.012672869147659055,True,True,0.8571428571428572,0.8571428571428572
Alzheimers,43,do(Cholesterol=High),CognitiveDecline,0.064,0.01281068427370946,0.01281068427370946,True,True,0.8571428571428572,0.8571428571428572
Alzheimers,43,do(Inflammation=High),CognitiveDecline,0.10819999999999996,0.021650660264105642,0.021650660264105642,True,True,0.8571428571428572,0.8571428571428572
Alzheimers,43,do(SleepQuality=Poor),CognitiveDecline,0.0262,0.005248499399759882,0.005248499399759882,True,True,0.8571428571428572,0.8571428571428572
Alzheimers,43,do(Education=Low),CognitiveDecline,0.06159999999999999,0.012349939975990376,0.012349939975990376,True,True,0.8571428571428572,0.8571428571428572
Alzheimers,43,do(Amyloid=High),CognitiveDecline,0.2198,0.043950180072028805,0.043950180072028805,True,True,0.8571428571428572,0.8571428571428572
Alzheimers,43,do(Tau=High),CognitiveDecline,0.18999999999999995,0.03798979591836732,0.03798979591836732,True,True,0.8571428571428572,0.8571428571428572
Alzheimers,44,do(APOE4=Carrier),CognitiveDecline,0.14199999999999996,0.0283911164465786,0.0283911164465786,True,True,0.45454545454545453,0.45454545454545453
Alzheimers,44,do(PhysicalActivity=Sedentary),CognitiveDecline,0.04899999999999999,0.009746938775510194,0.009746938775510194,True,True,0.45454545454545453,0.45454545454545453
Alzheimers,44,do(Diet=Poor),CognitiveDecline,0.05779999999999996,0.011582112845138048,0.011582112845138048,True,True,0.45454545454545453,0.45454545454545453
Alzheimers,44,do(Cholesterol=High),CognitiveDecline,0.0676,0.013488235294117634,0.013488235294117634,True,True,0.45454545454545453,0.45454545454545453
Alzheimers,44,do(Inflammation=High),CognitiveDecline,0.10479999999999995,0.020946338535414166,0.020946338535414166,True,True,0.45454545454545453,0.45454545454545453
Alzheimers,44,do(SleepQuality=Poor),CognitiveDecline,0.02779999999999999,0.005571788715486192,0.005571788715486192,True,True,0.45454545454545453,0.45454545454545453
Alzheimers,44,do(Education=Low),CognitiveDecline,0.06340000000000001,0.012666866746698674,0.012666866746698674,True,True,0.45454545454545453,0.45454545454545453
Alzheimers,44,do(Amyloid=High),CognitiveDecline,0.21579999999999994,0.04313637454981989,0.04313637454981989,True,True,0.45454545454545453,0.45454545454545453
Alzheimers,44,do(Tau=High),CognitiveDecline,0.18880000000000002,0.037770468187274836,0.037770468187274836,True,True,0.45454545454545453,0.45454545454545453
Alzheimers,45,do(APOE4=Carrier),CognitiveDecline,0.14200000000000002,0.02847406962785118,0.02847406962785118,True,True,0.6666666666666666,0.6666666666666666
Alzheimers,45,do(PhysicalActivity=Sedentary),CognitiveDecline,0.045999999999999985,0.009199279711884778,0.009199279711884778,True,True,0.6666666666666666,0.6666666666666666
Alzheimers,45,do(Diet=Poor),CognitiveDecline,0.05619999999999997,0.011256902761104443,0.011256902761104443,True,True,0.6666666666666666,0.6666666666666666
Alzheimers,45,do(Cholesterol=High),CognitiveDecline,0.06539999999999996,0.013066506602641054,0.013066506602641054,True,True,0.6666666666666666,0.6666666666666666
Alzheimers,45,do(Inflammation=High),CognitiveDecline,0.10939999999999994,0.02188619447779111,0.02188619447779111,True,True,0.6666666666666666,0.6666666666666666
Alzheimers,45,do(SleepQuality=Poor),CognitiveDecline,0.02899999999999997,0.005759183673469392,0.005759183673469392,True,True,0.6666666666666666,0.6666666666666666
Alzheimers,45,do(Education=Low),CognitiveDecline,0.06739999999999996,0.013486914765906383,0.013486914765906383,True,True,0.6666666666666666,0.6666666666666666
Alzheimers,45,do(Amyloid=High),CognitiveDecline,0.2148,0.042992557022809075,0.042992557022809075,True,True,0.6666666666666666,0.6666666666666666
Alzheimers,45,do(Tau=High),CognitiveDecline,0.1844,0.036872028811524626,0.036872028811524626,True,True,0.6666666666666666,0.6666666666666666
Alzheimers,46,do(APOE4=Carrier),CognitiveDecline,0.14700000000000002,0.02935342136854746,0.02935342136854746,True,True,0.9523809523809523,0.9523809523809523
Alzheimers,46,do(PhysicalActivity=Sedentary),CognitiveDecline,0.05199999999999999,0.01043781512605041,0.01043781512605041,True,True,0.9523809523809523,0.9523809523809523
Alzheimers,46,do(Diet=Poor),CognitiveDecline,0.061,0.012157983193277294,0.012157983193277294,True,True,0.9523809523809523,0.9523809523809523
Alzheimers,46,do(Cholesterol=High),CognitiveDecline,0.07,0.014030372148859549,0.014030372148859549,True,True,0.9523809523809523,0.9523809523809523
Alzheimers,46,do(Inflammation=High),CognitiveDecline,0.10619999999999996,0.02126854741896758,0.02126854741896758,True,True,0.9523809523809523,0.9523809523809523
Alzheimers,46,do(SleepQuality=Poor),CognitiveDecline,0.0252,0.0050372148859543775,0.0050372148859543775,True,True,0.9523809523809523,0.9523809523809523
Alzheimers,46,do(Education=Low),CognitiveDecline,0.066,0.013188595438175271,0.013188595438175271,True,True,0.9523809523809523,0.9523809523809523
Alzheimers,46,do(Amyloid=High),CognitiveDecline,0.22160000000000002,0.044320888355342175,0.044320888355342175,True,True,0.9523809523809523,0.9523809523809523
Alzheimers,46,do(Tau=High),CognitiveDecline,0.19240000000000002,0.03848259303721491,0.03848259303721491,True,True,0.9523809523809523,0.9523809523809523
Alzheimers,47,do(APOE4=Carrier),CognitiveDecline,0.15459999999999996,0.030933133253301326,0.030933133253301326,True,True,0.761904761904762,0.761904761904762
Alzheimers,47,do(PhysicalActivity=Sedentary),CognitiveDecline,0.051600000000000035,0.010354021608643432,0.010354021608643432,True,True,0.761904761904762,0.761904761904762
Alzheimers,47,do(Diet=Poor),CognitiveDecline,0.055999999999999994,0.011189675870348137,0.011189675870348137,True,True,0.761904761904762,0.761904761904762
Alzheimers,47,do(Cholesterol=High),CognitiveDecline,0.06159999999999999,0.012356422569027609,0.012356422569027609,True,True,0.761904761904762,0.761904761904762
Alzheimers,47,do(Inflammation=High),CognitiveDecline,0.10719999999999996,0.021553661464585816,0.021553661464585816,True,True,0.761904761904762,0.761904761904762
Alzheimers,47,do(SleepQuality=Poor),CognitiveDecline,0.028400000000000036,0.005681032412965192,0.005681032412965192,True,True,0.761904761904762,0.761904761904762
Alzheimers,47,do(Education=Low),CognitiveDecline,0.06820000000000004,0.013617887154861924,0.013617887154861924,True,True,0.761904761904762,0.761904761904762
Alzheimers,47,do(Amyloid=High),CognitiveDecline,0.22560000000000002,0.04521068427370947,0.04521068427370947,True,True,0.761904761904762,0.761904761904762
Alzheimers,47,do(Tau=High),CognitiveDecline,0.18200000000000005,0.03645066026410562,0.03645066026410562,True,True,0.761904761904762,0.761904761904762
Alzheimers,48,do(APOE4=Carrier),CognitiveDecline,0.14459999999999995,0.028922208883553402,0.028922208883553402,True,True,1.0,1.0
Alzheimers,48,do(PhysicalActivity=Sedentary),CognitiveDecline,0.0464,0.009253061224489795,0.009253061224489795,True,True,1.0,1.0
Alzheimers,48,do(Diet=Poor),CognitiveDecline,0.056400000000000006,0.011272388955582219,0.011272388955582219,True,True,1.0,1.0
Alzheimers,48,do(Cholesterol=High),CognitiveDecline,0.06119999999999998,0.012230012004801921,0.012230012004801921,True,True,1.0,1.0
Alzheimers,48,do(Inflammation=High),CognitiveDecline,0.10399999999999998,0.020700480192076848,0.020700480192076848,True,True,1.0,1.0
Alzheimers,48,do(SleepQuality=Poor),CognitiveDecline,0.02679999999999999,0.0053619447779111595,0.0053619447779111595,True,True,1.0,1.0
Alzheimers,48,do(Education=Low),CognitiveDecline,0.06539999999999996,0.013099759903961589,0.013099759903961589,True,True,1.0,1.0
Alzheimers,48,do(Amyloid=High),CognitiveDecline,0.2168,0.04334021608643451,0.04334021608643451,True,True,1.0,1.0
Alzheimers,48,do(Tau=High),CognitiveDecline,0.18079999999999996,0.036184633853541426,0.036184633853541426,True,True,1.0,1.0
Alzheimers,49,do(APOE4=Carrier),CognitiveDecline,0.1496,0.029981992797118884,0.029981992797118884,True,True,0.8695652173913044,0.8695652173913044
Alzheimers,49,do(PhysicalActivity=Sedentary),CognitiveDecline,0.04600000000000004,0.00920828331332535,0.00920828331332535,True,True,0.8695652173913044,0.8695652173913044
Alzheimers,49,do(Diet=Poor),CognitiveDecline,0.05680000000000002,0.011362064825930385,0.011362064825930385,True,True,0.8695652173913044,0.8695652173913044
Alzheimers,49,do(Cholesterol=High),CognitiveDecline,0.06740000000000002,0.013509963985594259,0.013509963985594259,True,True,0.8695652173913044,0.8695652173913044
Alzheimers,49,do(Inflammation=High),CognitiveDecline,0.10420000000000001,0.020881152460984403,0.020881152460984403,True,True,0.8695652173913044,0.8695652173913044
Alzheimers,49,do(SleepQuality=Poor),CognitiveDecline,0.024800000000000044,0.004942256902761122,0.004942256902761122,True,True,0.8695652173913044,0.8695652173913044
Alzheimers,49,do(Education=Low),CognitiveDecline,0.0706,0.014144177671068459,0.014144177671068459,True,True,0.8695652173913044,0.8695652173913044
Alzheimers,49,do(Amyloid=High),CognitiveDecline,0.2234,0.04471488595438178,0.04471488595438178,True,True,0.8695652173913044,0.8695652173913044
Alzheimers,49,do(Tau=High),CognitiveDecline,0.19560000000000005,0.039115966386554596,0.039115966386554596,True,True,0.8695652173913044,0.8695652173913044
Alzheimers,50,do(APOE4=Carrier),CognitiveDecline,0.14420000000000005,0.0288164465786315,0.0288164465786315,True,True,0.608695652173913,0.608695652173913
Alzheimers,50,do(PhysicalActivity=Sedentary),CognitiveDecline,0.04720000000000002,0.00941032412965187,0.00941032412965187,True,True,0.608695652173913,0.608695652173913
Alzheimers,50,do(Diet=Poor),CognitiveDecline,0.05860000000000004,0.011731212484994008,0.011731212484994008,True,True,0.608695652173913,0.608695652173913
Alzheimers,50,do(Cholesterol=High),CognitiveDecline,0.06220000000000003,0.012444657863145275,0.012444657863145275,True,True,0.608695652173913,0.608695652173913
Alzheimers,50,do(Inflammation=High),CognitiveDecline,0.10720000000000002,0.021386794717887153,0.021386794717887153,True,True,0.608695652173913,0.608695652173913
Alzheimers,50,do(SleepQuality=Poor),CognitiveDecline,0.030000000000000027,0.005988475390156095,0.005988475390156095,True,True,0.608695652173913,0.608695652173913
Alzheimers,50,do(Education=Low),CognitiveDecline,0.06159999999999999,0.012280192076830732,0.012280192076830732,True,True,0.608695652173913,0.608695652173913
Alzheimers,50,do(Amyloid=High),CognitiveDecline,0.22200000000000003,0.044323529411764734,0.044323529411764734,True,True,0.608695652173913,0.608695652173913
Alzheimers,50,do(Tau=High),CognitiveDecline,0.186,0.037157623049219685,0.037157623049219685,True,True,0.608695652173913,0.608695652173913
Alzheimers,51,do(APOE4=Carrier),CognitiveDecline,0.14539999999999997,0.029062905162064834,0.029062905162064834,True,True,0.7,0.7
Alzheimers,51,do(PhysicalActivity=Sedentary),CognitiveDecline,0.049799999999999955,0.009937454981992805,0.009937454981992805,True,True,0.7,0.7
Alzheimers,51,do(Diet=Poor),CognitiveDecline,0.05719999999999997,0.011411764705882371,0.011411764705882371,True,True,0.7,0.7
Alzheimers,51,do(Cholesterol=High),CognitiveDecline,0.06639999999999996,0.013284993997599054,0.013284993997599054,True,True,0.7,0.7
Alzheimers,51,do(Inflammation=High),CognitiveDecline,0.10060000000000002,0.0201495798319328,0.0201495798319328,True,True,0.7,0.7
Alzheimers,51,do(SleepQuality=Poor),CognitiveDecline,0.027200000000000002,0.0054244897959183636,0.0054244897959183636,True,True,0.7,0.7
Alzheimers,51,do(Education=Low),CognitiveDecline,0.069,0.013788355342136849,0.013788355342136849,True,True,0.7,0.7
Alzheimers,51,do(Amyloid=High),CognitiveDecline,0.2188,0.04374165666266511,0.04374165666266511,True,True,0.7,0.7
Alzheimers,51,do(Tau=High),CognitiveDecline,0.18379999999999996,0.036723169267707106,0.036723169267707106,True,True,0.7,0.7
Alzheimers,52,do(APOE4=Carrier),CognitiveDecline,0.14859999999999995,0.029745738295318097,0.029745738295318097,True,True,0.8000000000000002,0.8000000000000002
Alzheimers,52,do(PhysicalActivity=Sedentary),CognitiveDecline,0.045399999999999996,0.009124969987995196,0.009124969987995196,True,True,0.8000000000000002,0.8000000000000002
Alzheimers,52,do(Diet=Poor),CognitiveDecline,0.06119999999999998,0.01223265306122448,0.01223265306122448,True,True,0.8000000000000002,0.8000000000000002
Alzheimers,52,do(Cholesterol=High),CognitiveDecline,0.06480000000000002,0.012977791116446563,0.012977791116446563,True,True,0.8000000000000002,0.8000000000000002
Alzheimers,52,do(Inflammation=High),CognitiveDecline,0.10560000000000003,0.02113709483793516,0.02113709483793516,True,True,0.8000000000000002,0.8000000000000002
Alzheimers,52,do(SleepQuality=Poor),CognitiveDecline,0.0262,0.005235774309723912,0.005235774309723912,True,True,0.8000000000000002,0.8000000000000002
Alzheimers,52,do(Education=Low),CognitiveDecline,0.0676,0.013506602641056437,0.013506602641056437,True,True,0.8000000000000002,0.8000000000000002
Alzheimers,52,do(Amyloid=High),CognitiveDecline,0.21999999999999997,0.044042857142857134,0.044042857142857134,True,True,0.8000000000000002,0.8000000000000002
Alzheimers,52,do(Tau=High),CognitiveDecline,0.1976,0.03952364945978387,0.03952364945978387,True,True,0.8000000000000002,0.8000000000000002
Alzheimers,53,do(APOE4=Carrier),CognitiveDecline,0.15719999999999995,0.031478151260504184,0.031478151260504184,True,True,0.5714285714285713,0.5714285714285713
Alzheimers,53,do(PhysicalActivity=Sedentary),CognitiveDecline,0.05399999999999999,0.010842496998799495,0.010842496998799495,True,True,0.5714285714285713,0.5714285714285713
Alzheimers,53,do(Diet=Poor),CognitiveDecline,0.055800000000000016,0.011161224489795896,0.011161224489795896,True,True,0.5714285714285713,0.5714285714285713
Alzheimers,53,do(Cholesterol=High),CognitiveDecline,0.07380000000000003,0.014792917166866704,0.014792917166866704,True,True,0.5714285714285713,0.5714285714285713
Alzheimers,53,do(Inflammation=High),CognitiveDecline,0.11379999999999996,0.022816806722689015,0.022816806722689015,True,True,0.5714285714285713,0.5714285714285713
Alzheimers,53,do(SleepQuality=Poor),CognitiveDecline,0.025000000000000022,0.004995918367346919,0.004995918367346919,True,True,0.5714285714285713,0.5714285714285713
Alzheimers,53,do(Education=Low),CognitiveDecline,0.064,0.012829771908763499,0.012829771908763499,True,True,0.5714285714285713,0.5714285714285713
Alzheimers,53,do(Amyloid=High),CognitiveDecline,0.2324,0.046539495798319314,0.046539495798319314,True,True,0.5714285714285713,0.5714285714285713
Alzheimers,53,do(Tau=High),CognitiveDecline,0.18660000000000004,0.03739159663865543,0.03739159663865543,True,True,0.5714285714285713,0.5714285714285713
Alzheimers,54,do(APOE4=Carrier),CognitiveDecline,0.15380000000000005,0.030693397358943525,0.030693397358943525,True,True,0.6666666666666666,0.6666666666666666
Alzheimers,54,do(PhysicalActivity=Sedentary),CognitiveDecline,0.05080000000000001,0.01015762304921966,0.01015762304921966,True,True,0.6666666666666666,0.6666666666666666
Alzheimers,54,do(Diet=Poor),CognitiveDecline,0.05500000000000005,0.010990516206482559,0.010990516206482559,True,True,0.6666666666666666,0.6666666666666666
Alzheimers,54,do(Cholesterol=High),CognitiveDecline,0.06740000000000002,0.013492316926770692,0.013492316926770692,True,True,0.6666666666666666,0.6666666666666666
Alzheimers,54,do(Inflammation=High),CognitiveDecline,0.10560000000000003,0.02107731092436968,0.02107731092436968,True,True,0.6666666666666666,0.6666666666666666
Alzheimers,54,do(SleepQuality=Poor),CognitiveDecline,0.023400000000000032,0.004660864345738286,0.004660864345738286,True,True,0.6666666666666666,0.6666666666666666
Alzheimers,54,do(Education=Low),CognitiveDecline,0.062,0.012282472989195659,0.012282472989195659,True,True,0.6666666666666666,0.6666666666666666
Alzheimers,54,do(Amyloid=High),CognitiveDecline,0.2228,0.04453277310924367,0.04453277310924367,True,True,0.6666666666666666,0.6666666666666666
Alzheimers,54,do(Tau=High),CognitiveDecline,0.18280000000000007,0.03636650660264101,0.03636650660264101,True,True,0.6666666666666666,0.6666666666666666
Alzheimers,55,do(APOE4=Carrier),CognitiveDecline,0.1522,0.030410924369747905,0.030410924369747905,True,True,0.8571428571428572,0.8571428571428572
Alzheimers,55,do(PhysicalActivity=Sedentary),CognitiveDecline,0.04820000000000002,0.009605882352941186,0.009605882352941186,True,True,0.8571428571428572,0.8571428571428572
Alzheimers,55,do(Diet=Poor),CognitiveDecline,0.056400000000000006,0.011289555822328934,0.011289555822328934,True,True,0.8571428571428572,0.8571428571428572
Alzheimers,55,do(Cholesterol=High),CognitiveDecline,0.06619999999999998,0.013232292917166877,0.013232292917166877,True,True,0.8571428571428572,0.8571428571428572
Alzheimers,55,do(Inflammation=High),CognitiveDecline,0.10740000000000005,0.02151620648259306,0.02151620648259306,True,True,0.8571428571428572,0.8571428571428572
Alzheimers,55,do(SleepQuality=Poor),CognitiveDecline,0.029600000000000015,0.005957983193277311,0.005957983193277311,True,True,0.8571428571428572,0.8571428571428572
Alzheimers,55,do(Education=Low),CognitiveDecline,0.06,0.011921608643457399,0.011921608643457399,True,True,0.8571428571428572,0.8571428571428572
Alzheimers,55,do(Amyloid=High),CognitiveDecline,0.22160000000000002,0.044336134453781484,0.044336134453781484,True,True,0.8571428571428572,0.8571428571428572
Alzheimers,55,do(Tau=High),CognitiveDecline,0.1904,0.03803901560624251,0.03803901560624251,True,True,0.8571428571428572,0.8571428571428572
Alzheimers,56,do(APOE4=Carrier),CognitiveDecline,0.14919999999999994,0.02982016806722687,0.02982016806722687,True,True,1.0,1.0
Alzheimers,56,do(PhysicalActivity=Sedentary),CognitiveDecline,0.05119999999999997,0.010220288115246112,0.010220288115246112,True,True,1.0,1.0
Alzheimers,56,do(Diet=Poor),CognitiveDecline,0.05459999999999998,0.010932412965186072,0.010932412965186072,True,True,1.0,1.0
Alzheimers,56,do(Cholesterol=High),CognitiveDecline,0.07079999999999997,0.014156542617046797,0.014156542617046797,True,True,1.0,1.0
Alzheimers,56,do(Inflammation=High),CognitiveDecline,0.1074,0.021517286914765926,0.021517286914765926,True,True,1.0,1.0
Alzheimers,56,do(SleepQuality=Poor),CognitiveDecline,0.02479999999999999,0.00496554621848741,0.00496554621848741,True,True,1.0,1.0
Alzheimers,56,do(Education=Low),CognitiveDecline,0.06259999999999999,0.0125392557022809,0.0125392557022809,True,True,1.0,1.0
Alzheimers,56,do(Amyloid=High),CognitiveDecline,0.22779999999999995,0.04555714285714285,0.04555714285714285,True,True,1.0,1.0
Alzheimers,56,do(Tau=High),CognitiveDecline,0.18739999999999996,0.037472869147659044,0.037472869147659044,True,True,1.0,1.0
Alzheimers,57,do(APOE4=Carrier),CognitiveDecline,0.1442,0.028844537815126026,0.028844537815126026,True,True,0.8695652173913044,0.8695652173913044
Alzheimers,57,do(PhysicalActivity=Sedentary),CognitiveDecline,0.04299999999999998,0.008586794717887147,0.008586794717887147,True,True,0.8695652173913044,0.8695652173913044
Alzheimers,57,do(Diet=Poor),CognitiveDecline,0.05579999999999996,0.011209123649459779,0.011209123649459779,True,True,0.8695652173913044,0.8695652173913044
Alzheimers,57,do(Cholesterol=High),CognitiveDecline,0.06359999999999999,0.012729891956782702,0.012729891956782702,True,True,0.8695652173913044,0.8695652173913044
Alzheimers,57,do(Inflammation=High),CognitiveDecline,0.09839999999999993,0.019707202881152464,0.019707202881152464,True,True,0.8695652173913044,0.8695652173913044
Alzheimers,57,do(SleepQuality=Poor),CognitiveDecline,0.024599999999999955,0.004930372148859552,0.004930372148859552,True,True,0.8695652173913044,0.8695652173913044
Alzheimers,57,do(Education=Low),CognitiveDecline,0.06299999999999994,0.012633133253301343,0.012633133253301343,True,True,0.8695652173913044,0.8695652173913044
Alzheimers,57,do(Amyloid=High),CognitiveDecline,0.22039999999999993,0.044138775510204065,0.044138775510204065,True,True,0.8695652173913044,0.8695652173913044
Alzheimers,57,do(Tau=High),CognitiveDecline,0.1866,0.03731920768307323,0.03731920768307323,True,True,0.8695652173913044,0.8695652173913044
Alzheimers,58,do(APOE4=Carrier),CognitiveDecline,0.15420000000000006,0.030935054021608677,0.030935054021608677,True,True,0.7272727272727272,0.7272727272727272
Alzheimers,58,do(PhysicalActivity=Sedentary),CognitiveDecline,0.05120000000000002,0.010257743097238897,0.010257743097238897,True,True,0.7272727272727272,0.7272727272727272
Alzheimers,58,do(Diet=Poor),CognitiveDecline,0.06420000000000003,0.012877911164465794,0.012877911164465794,True,True,0.7272727272727272,0.7272727272727272
Alzheimers,58,do(Cholesterol=High),CognitiveDecline,0.06680000000000003,0.013389795918367364,0.013389795918367364,True,True,0.7272727272727272,0.7272727272727272
Alzheimers,58,do(Inflammation=High),CognitiveDecline,0.10820000000000002,0.021755702280912365,0.021755702280912365,True,True,0.7272727272727272,0.7272727272727272
Alzheimers,58,do(SleepQuality=Poor),CognitiveDecline,0.0262,0.0052561824729892015,0.0052561824729892015,True,True,0.7272727272727272,0.7272727272727272
Alzheimers,58,do(Education=Low),CognitiveDecline,0.0676,0.013526530612244902,0.013526530612244902,True,True,0.7272727272727272,0.7272727272727272
Alzheimers,58,do(Amyloid=High),CognitiveDecline,0.2272,0.045543697478991646,0.045543697478991646,True,True,0.7272727272727272,0.7272727272727272
Alzheimers,58,do(Tau=High),CognitiveDecline,0.19260000000000005,0.03864321728691475,0.03864321728691475,True,True,0.7272727272727272,0.7272727272727272
Alzheimers,59,do(APOE4=Carrier),CognitiveDecline,0.14460000000000006,0.02890312124849942,0.02890312124849942,True,True,0.8181818181818182,0.8181818181818182
Alzheimers,59,do(PhysicalActivity=Sedentary),CognitiveDecline,0.04360000000000003,0.008666386554621847,0.008666386554621847,True,True,0.8181818181818182,0.8181818181818182
Alzheimers,59,do(Diet=Poor),CognitiveDecline,0.061,0.012207082833133265,0.012207082833133265,True,True,0.8181818181818182,0.8181818181818182
Alzheimers,59,do(Cholesterol=High),CognitiveDecline,0.06120000000000003,0.012191476590636241,0.012191476590636241,True,True,0.8181818181818182,0.8181818181818182
Alzheimers,59,do(Inflammation=High),CognitiveDecline,0.09620000000000006,0.01925054021608638,0.01925054021608638,True,True,0.8181818181818182,0.8181818181818182
Alzheimers,59,do(SleepQuality=Poor),CognitiveDecline,0.028600000000000014,0.005742737094837941,0.005742737094837941,True,True,0.8181818181818182,0.8181818181818182
Alzheimers,59,do(Education=Low),CognitiveDecline,0.06440000000000001,0.012852340936374551,0.012852340936374551,True,True,0.8181818181818182,0.8181818181818182
Alzheimers,59,do(Amyloid=High),CognitiveDecline,0.22540000000000004,0.04507334933973592,0.04507334933973592,True,True,0.8181818181818182,0.8181818181818182
Alzheimers,59,do(Tau=High),CognitiveDecline,0.18720000000000003,0.03739807923169272,0.03739807923169272,True,True,0.8181818181818182,0.8181818181818182
Alzheimers,60,do(APOE4=Carrier),CognitiveDecline,0.15000000000000002,0.030072869147659054,0.030072869147659054,True,True,0.7272727272727272,0.7272727272727272
Alzheimers,60,do(PhysicalActivity=Sedentary),CognitiveDecline,0.056999999999999995,0.011432533013205293,0.011432533013205293,True,True,0.7272727272727272,0.7272727272727272
Alzheimers,60,do(Diet=Poor),CognitiveDecline,0.053200000000000025,0.010693517406962783,0.010693517406962783,True,True,0.7272727272727272,0.7272727272727272
Alzheimers,60,do(Cholesterol=High),CognitiveDecline,0.07279999999999998,0.014584393757503034,0.014584393757503034,True,True,0.7272727272727272,0.7272727272727272
Alzheimers,60,do(Inflammation=High),CognitiveDecline,0.11299999999999999,0.022612965186074446,0.022612965186074446,True,True,0.7272727272727272,0.7272727272727272
Alzheimers,60,do(SleepQuality=Poor),CognitiveDecline,0.023799999999999988,0.0047454981992797185,0.0047454981992797185,True,True,0.7272727272727272,0.7272727272727272
Alzheimers,60,do(Education=Low),CognitiveDecline,0.06040000000000001,0.012072268907563022,0.012072268907563022,True,True,0.7272727272727272,0.7272727272727272
Alzheimers,60,do(Amyloid=High),CognitiveDecline,0.22119999999999995,0.044316446578631485,0.044316446578631485,True,True,0.7272727272727272,0.7272727272727272
Alzheimers,60,do(Tau=High),CognitiveDecline,0.19199999999999995,0.03843709483793517,0.03843709483793517,True,True,0.7272727272727272,0.7272727272727272
Alzheimers,61,do(APOE4=Carrier),CognitiveDecline,0.15080000000000005,0.03014621848739496,0.03014621848739496,True,True,0.8181818181818182,0.8181818181818182
Alzheimers,61,do(PhysicalActivity=Sedentary),CognitiveDecline,0.0524,0.010497719087635055,0.010497719087635055,True,True,0.8181818181818182,0.8181818181818182
Alzheimers,61,do(Diet=Poor),CognitiveDecline,0.05820000000000003,0.011667707082833129,0.011667707082833129,True,True,0.8181818181818182,0.8181818181818182
Alzheimers,61,do(Cholesterol=High),CognitiveDecline,0.06220000000000003,0.012397118847539024,0.012397118847539024,True,True,0.8181818181818182,0.8181818181818182
Alzheimers,61,do(Inflammation=High),CognitiveDecline,0.10660000000000003,0.02131668667466985,0.02131668667466985,True,True,0.8181818181818182,0.8181818181818182
Alzheimers,61,do(SleepQuality=Poor),CognitiveDecline,0.028000000000000025,0.005634693877551,0.005634693877551,True,True,0.8181818181818182,0.8181818181818182
Alzheimers,61,do(Education=Low),CognitiveDecline,0.06540000000000001,0.013099159663865545,0.013099159663865545,True,True,0.8181818181818182,0.8181818181818182
Alzheimers,61,do(Amyloid=High),CognitiveDecline,0.22540000000000004,0.04504345738295318,0.04504345738295318,True,True,0.8181818181818182,0.8181818181818182
Alzheimers,61,do(Tau=High),CognitiveDecline,0.18880000000000008,0.037810084033613495,0.037810084033613495,True,True,0.8181818181818182,0.8181818181818182
Alzheimers,62,do(APOE4=Carrier),CognitiveDecline,0.14579999999999999,0.029100720288115278,0.029100720288115278,True,True,0.8571428571428572,0.8571428571428572
Alzheimers,62,do(PhysicalActivity=Sedentary),CognitiveDecline,0.04820000000000002,0.00961368547418967,0.00961368547418967,True,True,0.8571428571428572,0.8571428571428572
Alzheimers,62,do(Diet=Poor),CognitiveDecline,0.053800000000000014,0.01076398559423769,0.01076398559423769,True,True,0.8571428571428572,0.8571428571428572
Alzheimers,62,do(Cholesterol=High),CognitiveDecline,0.06480000000000002,0.012901920768307318,0.012901920768307318,True,True,0.8571428571428572,0.8571428571428572
Alzheimers,62,do(Inflammation=High),CognitiveDecline,0.10000000000000003,0.020040816326530625,0.020040816326530625,True,True,0.8571428571428572,0.8571428571428572
Alzheimers,62,do(SleepQuality=Poor),CognitiveDecline,0.02400000000000002,0.0048280912364945805,0.0048280912364945805,True,True,0.8571428571428572,0.8571428571428572
Alzheimers,62,do(Education=Low),CognitiveDecline,0.06220000000000003,0.012438655462184894,0.012438655462184894,True,True,0.8571428571428572,0.8571428571428572
Alzheimers,62,do(Amyloid=High),CognitiveDecline,0.22200000000000003,0.04432244897959184,0.04432244897959184,True,True,0.8571428571428572,0.8571428571428572
Alzheimers,62,do(Tau=High),CognitiveDecline,0.18480000000000002,0.036951500600240106,0.036951500600240106,True,True,0.8571428571428572,0.8571428571428572
Alzheimers,63,do(APOE4=Carrier),CognitiveDecline,0.15299999999999997,0.030616086434573808,0.030616086434573808,True,True,0.45454545454545453,0.45454545454545453
Alzheimers,63,do(PhysicalActivity=Sedentary),CognitiveDecline,0.052600000000000036,0.010579351740696297,0.010579351740696297,True,True,0.45454545454545453,0.45454545454545453
Alzheimers,63,do(Diet=Poor),CognitiveDecline,0.0524,0.01048823529411766,0.01048823529411766,True,True,0.45454545454545453,0.45454545454545453
Alzheimers,63,do(Cholesterol=High),CognitiveDecline,0.07180000000000003,0.014434933973589442,0.014434933973589442,True,True,0.45454545454545453,0.45454545454545453
Alzheimers,63,do(Inflammation=High),CognitiveDecline,0.10380000000000006,0.020808043217286937,0.020808043217286937,True,True,0.45454545454545453,0.45454545454545453
Alzheimers,63,do(SleepQuality=Poor),CognitiveDecline,0.02360000000000001,0.004721368547418975,0.004721368547418975,True,True,0.45454545454545453,0.45454545454545453
Alzheimers,63,do(Education=Low),CognitiveDecline,0.06340000000000001,0.012714525810324145,0.012714525810324145,True,True,0.45454545454545453,0.45454545454545453
Alzheimers,63,do(Amyloid=High),CognitiveDecline,0.22400000000000003,0.044818487394957945,0.044818487394957945,True,True,0.45454545454545453,0.45454545454545453
Alzheimers,63,do(Tau=High),CognitiveDecline,0.19340000000000007,0.03869891956782717,0.03869891956782717,True,True,0.45454545454545453,0.45454545454545453
Alzheimers,64,do(APOE4=Carrier),CognitiveDecline,0.14640000000000003,0.02920816326530612,0.02920816326530612,True,True,0.7,0.7
Alzheimers,64,do(PhysicalActivity=Sedentary),CognitiveDecline,0.0464,0.009290276110444196,0.009290276110444196,True,True,0.7,0.7
Alzheimers,64,do(Diet=Poor),CognitiveDecline,0.05980000000000002,0.011871668667467,0.011871668667467,True,True,0.7,0.7
Alzheimers,64,do(Cholesterol=High),CognitiveDecline,0.06480000000000002,0.01296002400960386,0.01296002400960386,True,True,0.7,0.7
Alzheimers,64,do(Inflammation=High),CognitiveDecline,0.10320000000000001,0.02062088835534212,0.02062088835534212,True,True,0.7,0.7
Alzheimers,64,do(SleepQuality=Poor),CognitiveDecline,0.028799999999999992,0.00573985594237697,0.00573985594237697,True,True,0.7,0.7
Alzheimers,64,do(Education=Low),CognitiveDecline,0.06480000000000002,0.012902761104441801,0.012902761104441801,True,True,0.7,0.7
Alzheimers,64,do(Amyloid=High),CognitiveDecline,0.22039999999999998,0.04402881152460986,0.04402881152460986,True,True,0.7,0.7
Alzheimers,64,do(Tau=High),CognitiveDecline,0.18519999999999998,0.03695354141656665,0.03695354141656665,True,True,0.7,0.7
Alzheimers,65,do(APOE4=Carrier),CognitiveDecline,0.139,0.0278332533013205,0.0278332533013205,True,True,0.8181818181818182,0.8181818181818182
Alzheimers,65,do(PhysicalActivity=Sedentary),CognitiveDecline,0.0464,0.009254501800720266,0.009254501800720266,True,True,0.8181818181818182,0.8181818181818182
Alzheimers,65,do(Diet=Poor),CognitiveDecline,0.06120000000000003,0.012275270108043218,0.012275270108043218,True,True,0.8181818181818182,0.8181818181818182
Alzheimers,65,do(Cholesterol=High),CognitiveDecline,0.06260000000000004,0.012480912364945973,0.012480912364945973,True,True,0.8181818181818182,0.8181818181818182
Alzheimers,65,do(Inflammation=High),CognitiveDecline,0.10260000000000002,0.020518247298919517,0.020518247298919517,True,True,0.8181818181818182,0.8181818181818182
Alzheimers,65,do(SleepQuality=Poor),CognitiveDecline,0.02679999999999999,0.005415606242496984,0.005415606242496984,True,True,0.8181818181818182,0.8181818181818182
Alzheimers,65,do(Education=Low),CognitiveDecline,0.05820000000000003,0.01162496998799517,0.01162496998799517,True,True,0.8181818181818182,0.8181818181818182
Alzheimers,65,do(Amyloid=High),CognitiveDecline,0.21220000000000006,0.04249243697478994,0.04249243697478994,True,True,0.8181818181818182,0.8181818181818182
Alzheimers,65,do(Tau=High),CognitiveDecline,0.18059999999999998,0.03618967587034816,0.03618967587034816,True,True,0.8181818181818182,0.8181818181818182
Alzheimers,66,do(APOE4=Carrier),CognitiveDecline,0.14359999999999995,0.028697478991596637,0.028697478991596637,True,True,0.8000000000000002,0.8000000000000002
Alzheimers,66,do(PhysicalActivity=Sedentary),CognitiveDecline,0.0484,0.0096959183673469,0.0096959183673469,True,True,0.8000000000000002,0.8000000000000002
Alzheimers,66,do(Diet=Poor),CognitiveDecline,0.06059999999999999,0.012131092436974772,0.012131092436974772,True,True,0.8000000000000002,0.8000000000000002
Alzheimers,66,do(Cholesterol=High),CognitiveDecline,0.06619999999999998,0.013226890756302512,0.013226890756302512,True,True,0.8000000000000002,0.8000000000000002
Alzheimers,66,do(Inflammation=High),CognitiveDecline,0.10840000000000005,0.021703481392556984,0.021703481392556984,True,True,0.8000000000000002,0.8000000000000002
Alzheimers,66,do(SleepQuality=Poor),CognitiveDecline,0.02479999999999999,0.004995558223289315,0.004995558223289315,True,True,0.8000000000000002,0.8000000000000002
Alzheimers,66,do(Education=Low),CognitiveDecline,0.06719999999999998,0.01349783913565425,0.01349783913565425,True,True,0.8000000000000002,0.8000000000000002
Alzheimers,66,do(Amyloid=High),CognitiveDecline,0.21299999999999997,0.04253409363745497,0.04253409363745497,True,True,0.8000000000000002,0.8000000000000002
Alzheimers,66,do(Tau=High),CognitiveDecline,0.1824,0.036497238895558226,0.036497238895558226,True,True,0.8000000000000002,0.8000000000000002
Alzheimers,67,do(APOE4=Carrier),CognitiveDecline,0.13899999999999996,0.0277839135654262,0.0277839135654262,True,True,0.6666666666666666,0.6666666666666666
Alzheimers,67,do(PhysicalActivity=Sedentary),CognitiveDecline,0.0474,0.009500720288115272,0.009500720288115272,True,True,0.6666666666666666,0.6666666666666666
Alzheimers,67,do(Diet=Poor),CognitiveDecline,0.058199999999999974,0.011671908763505406,0.011671908763505406,True,True,0.6666666666666666,0.6666666666666666
Alzheimers,67,do(Cholesterol=High),CognitiveDecline,0.06519999999999998,0.013013325330132053,0.013013325330132053,True,True,0.6666666666666666,0.6666666666666666
Alzheimers,67,do(Inflammation=High),CognitiveDecline,0.10599999999999993,0.021185354141656648,0.021185354141656648,True,True,0.6666666666666666,0.6666666666666666
Alzheimers,67,do(SleepQuality=Poor),CognitiveDecline,0.02999999999999997,0.0060153661464585895,0.0060153661464585895,True,True,0.6666666666666666,0.6666666666666666
Alzheimers,67,do(Education=Low),CognitiveDecline,0.06659999999999999,0.013295558223289344,0.013295558223289344,True,True,0.6666666666666666,0.6666666666666666
Alzheimers,67,do(Amyloid=High),CognitiveDecline,0.21679999999999994,0.04337707082833134,0.04337707082833134,True,True,0.6666666666666666,0.6666666666666666
Alzheimers,67,do(Tau=High),CognitiveDecline,0.19439999999999996,0.03894741896758705,0.03894741896758705,True,True,0.6666666666666666,0.6666666666666666
Alzheimers,68,do(APOE4=Carrier),CognitiveDecline,0.14400000000000002,0.028763745498199295,0.028763745498199295,True,True,0.8181818181818182,0.8181818181818182
Alzheimers,68,do(PhysicalActivity=Sedentary),CognitiveDecline,0.04820000000000002,0.009683793517406974,0.009683793517406974,True,True,0.8181818181818182,0.8181818181818182
Alzheimers,68,do(Diet=Poor),CognitiveDecline,0.06259999999999999,0.012530252100840328,0.012530252100840328,True,True,0.8181818181818182,0.8181818181818182
Alzheimers,68,do(Cholesterol=High),CognitiveDecline,0.06240000000000001,0.012499039615846336,0.012499039615846336,True,True,0.8181818181818182,0.8181818181818182
Alzheimers,68,do(Inflammation=High),CognitiveDecline,0.10140000000000005,0.020310324129651836,0.020310324129651836,True,True,0.8181818181818182,0.8181818181818182
Alzheimers,68,do(SleepQuality=Poor),CognitiveDecline,0.028600000000000014,0.005740216086434574,0.005740216086434574,True,True,0.8181818181818182,0.8181818181818182
Alzheimers,68,do(Education=Low),CognitiveDecline,0.065,0.012964465786314522,0.012964465786314522,True,True,0.8181818181818182,0.8181818181818182
Alzheimers,68,do(Amyloid=High),CognitiveDecline,0.21960000000000002,0.04380444177671067,0.04380444177671067,True,True,0.8181818181818182,0.8181818181818182
Alzheimers,68,do(Tau=High),CognitiveDecline,0.18399999999999994,0.036810084033613494,0.036810084033613494,True,True,0.8181818181818182,0.8181818181818182
Alzheimers,69,do(APOE4=Carrier),CognitiveDecline,0.14379999999999993,0.028768187274910012,0.028768187274910012,True,True,0.45454545454545453,0.45454545454545453
Alzheimers,69,do(PhysicalActivity=Sedentary),CognitiveDecline,0.049199999999999966,0.009807803121248487,0.009807803121248487,True,True,0.45454545454545453,0.45454545454545453
Alzheimers,69,do(Diet=Poor),CognitiveDecline,0.058199999999999974,0.011605762304921968,0.011605762304921968,True,True,0.45454545454545453,0.45454545454545453
Alzheimers,69,do(Cholesterol=High),CognitiveDecline,0.06339999999999996,0.012628811524609845,0.012628811524609845,True,True,0.45454545454545453,0.45454545454545453
Alzheimers,69,do(Inflammation=High),CognitiveDecline,0.10660000000000003,0.021304081632653016,0.021304081632653016,True,True,0.45454545454545453,0.45454545454545453
Alzheimers,69,do(SleepQuality=Poor),CognitiveDecline,0.027599999999999958,0.005527731092436983,0.005527731092436983,True,True,0.45454545454545453,0.45454545454545453
Alzheimers,69,do(Education=Low),CognitiveDecline,0.064,0.012875870348139251,0.012875870348139251,True,True,0.45454545454545453,0.45454545454545453
Alzheimers,69,do(Amyloid=High),CognitiveDecline,0.22219999999999995,0.04442136854741893,0.04442136854741893,True,True,0.45454545454545453,0.45454545454545453
Alzheimers,69,do(Tau=High),CognitiveDecline,0.19019999999999992,0.03799915966386552,0.03799915966386552,True,True,0.45454545454545453,0.45454545454545453
Alzheimers,70,do(APOE4=Carrier),CognitiveDecline,0.14979999999999993,0.029963865546218493,0.029963865546218493,True,True,0.8571428571428572,0.8571428571428572
Alzheimers,70,do(PhysicalActivity=Sedentary),CognitiveDecline,0.049799999999999955,0.010012244897959183,0.010012244897959183,True,True,0.8571428571428572,0.8571428571428572
Alzheimers,70,do(Diet=Poor),CognitiveDecline,0.057599999999999985,0.011534693877551017,0.011534693877551017,True,True,0.8571428571428572,0.8571428571428572
Alzheimers,70,do(Cholesterol=High),CognitiveDecline,0.06739999999999996,0.013546938775510192,0.013546938775510192,True,True,0.8571428571428572,0.8571428571428572
Alzheimers,70,do(Inflammation=High),CognitiveDecline,0.1078,0.021573469387755118,0.021573469387755118,True,True,0.8571428571428572,0.8571428571428572
Alzheimers,70,do(SleepQuality=Poor),CognitiveDecline,0.02739999999999998,0.005477791116446584,0.005477791116446584,True,True,0.8571428571428572,0.8571428571428572
Alzheimers,70,do(Education=Low),CognitiveDecline,0.06559999999999999,0.013163145258103248,0.013163145258103248,True,True,0.8571428571428572,0.8571428571428572
Alzheimers,70,do(Amyloid=High),CognitiveDecline,0.21939999999999993,0.0438495798319328,0.0438495798319328,True,True,0.8571428571428572,0.8571428571428572
Alzheimers,70,do(Tau=High),CognitiveDecline,0.19119999999999993,0.03828847539015609,0.03828847539015609,True,True,0.8571428571428572,0.8571428571428572
Alzheimers,71,do(APOE4=Carrier),CognitiveDecline,0.14879999999999993,0.029733013205282127,0.029733013205282127,True,True,0.8571428571428572,0.8571428571428572
Alzheimers,71,do(PhysicalActivity=Sedentary),CognitiveDecline,0.05219999999999997,0.010437575030012025,0.010437575030012025,True,True,0.8571428571428572,0.8571428571428572
Alzheimers,71,do(Diet=Poor),CognitiveDecline,0.05840000000000001,0.011685354141656668,0.011685354141656668,True,True,0.8571428571428572,0.8571428571428572
Alzheimers,71,do(Cholesterol=High),CognitiveDecline,0.06639999999999996,0.013271428571428573,0.013271428571428573,True,True,0.8571428571428572,0.8571428571428572
Alzheimers,71,do(Inflammation=High),CognitiveDecline,0.10880000000000001,0.021791716686674678,0.021791716686674678,True,True,0.8571428571428572,0.8571428571428572
Alzheimers,71,do(SleepQuality=Poor),CognitiveDecline,0.02999999999999997,0.006023289315726321,0.006023289315726321,True,True,0.8571428571428572,0.8571428571428572
Alzheimers,71,do(Education=Low),CognitiveDecline,0.06459999999999999,0.012940096038415366,0.012940096038415366,True,True,0.8571428571428572,0.8571428571428572
Alzheimers,71,do(Amyloid=High),CognitiveDecline,0.22660000000000002,0.045296878751500624,0.045296878751500624,True,True,0.8571428571428572,0.8571428571428572
Alzheimers,71,do(Tau=High),CognitiveDecline,0.19420000000000004,0.038788595438175255,0.038788595438175255,True,True,0.8571428571428572,0.8571428571428572
Alzheimers,72,do(APOE4=Carrier),CognitiveDecline,0.1416,0.028351020408163286,0.028351020408163286,True,True,0.761904761904762,0.761904761904762
Alzheimers,72,do(PhysicalActivity=Sedentary),CognitiveDecline,0.047599999999999976,0.00956794717887155,0.00956794717887155,True,True,0.761904761904762,0.761904761904762
Alzheimers,72,do(Diet=Poor),CognitiveDecline,0.05019999999999997,0.010042857142857159,0.010042857142857159,True,True,0.761904761904762,0.761904761904762
Alzheimers,72,do(Cholesterol=High),CognitiveDecline,0.07100000000000001,0.01423997599039617,0.01423997599039617,True,True,0.761904761904762,0.761904761904762
Alzheimers,72,do(Inflammation=High),CognitiveDecline,0.10579999999999995,0.02117551020408165,0.02117551020408165,True,True,0.761904761904762,0.761904761904762
Alzheimers,72,do(SleepQuality=Poor),CognitiveDecline,0.0242,0.004829411764705888,0.004829411764705888,True,True,0.761904761904762,0.761904761904762
Alzheimers,72,do(Education=Low),CognitiveDecline,0.06540000000000001,0.013036854741896753,0.013036854741896753,True,True,0.761904761904762,0.761904761904762
Alzheimers,72,do(Amyloid=High),CognitiveDecline,0.2172,0.043450540216086436,0.043450540216086436,True,True,0.761904761904762,0.761904761904762
Alzheimers,72,do(Tau=High),CognitiveDecline,0.18180000000000002,0.03631188475390154,0.03631188475390154,True,True,0.761904761904762,0.761904761904762
Alzheimers,73,do(APOE4=Carrier),CognitiveDecline,0.14800000000000002,0.029592557022809107,0.029592557022809107,True,True,0.8571428571428572,0.8571428571428572
Alzheimers,73,do(PhysicalActivity=Sedentary),CognitiveDecline,0.05179999999999996,0.010315606242497,0.010315606242497,True,True,0.8571428571428572,0.8571428571428572
Alzheimers,73,do(Diet=Poor),CognitiveDecline,0.0524,0.010452220888355346,0.010452220888355346,True,True,0.8571428571428572,0.8571428571428572
Alzheimers,73,do(Cholesterol=High),CognitiveDecline,0.06339999999999996,0.012665426170468175,0.012665426170468175,True,True,0.8571428571428572,0.8571428571428572
Alzheimers,73,do(Inflammation=High),CognitiveDecline,0.10739999999999994,0.02146902761104444,0.02146902761104444,True,True,0.8571428571428572,0.8571428571428572
Alzheimers,73,do(SleepQuality=Poor),CognitiveDecline,0.0262,0.005218607442977197,0.005218607442977197,True,True,0.8571428571428572,0.8571428571428572
Alzheimers,73,do(Education=Low),CognitiveDecline,0.063,0.012683313325330126,0.012683313325330126,True,True,0.8571428571428572,0.8571428571428572
Alzheimers,73,do(Amyloid=High),CognitiveDecline,0.21860000000000002,0.043661344537815144,0.043661344537815144,True,True,0.8571428571428572,0.8571428571428572
Alzheimers,73,do(Tau=High),CognitiveDecline,0.18599999999999994,0.03715666266506601,0.03715666266506601,True,True,0.8571428571428572,0.8571428571428572
Alzheimers,74,do(APOE4=Carrier),CognitiveDecline,0.14779999999999993,0.029511404561824772,0.029511404561824772,True,True,0.7272727272727272,0.7272727272727272
Alzheimers,74,do(PhysicalActivity=Sedentary),CognitiveDecline,0.046999999999999986,0.009408163265306135,0.009408163265306135,True,True,0.7272727272727272,0.7272727272727272
Alzheimers,74,do(Diet=Poor),CognitiveDecline,0.056999999999999995,0.01135246098439377,0.01135246098439377,True,True,0.7272727272727272,0.7272727272727272
Alzheimers,74,do(Cholesterol=High),CognitiveDecline,0.06259999999999999,0.012478511404561854,0.012478511404561854,True,True,0.7272727272727272,0.7272727272727272
Alzheimers,74,do(Inflammation=High),CognitiveDecline,0.1058,0.021155702280912375,0.021155702280912375,True,True,0.7272727272727272,0.7272727272727272
Alzheimers,74,do(SleepQuality=Poor),CognitiveDecline,0.02579999999999999,0.005160744297719122,0.005160744297719122,True,True,0.7272727272727272,0.7272727272727272
Alzheimers,74,do(Education=Low),CognitiveDecline,0.06899999999999995,0.013784513805522258,0.013784513805522258,True,True,0.7272727272727272,0.7272727272727272
Alzheimers,74,do(Amyloid=High),CognitiveDecline,0.21619999999999995,0.04316002400960389,0.04316002400960389,True,True,0.7272727272727272,0.7272727272727272
Alzheimers,74,do(Tau=High),CognitiveDecline,0.19319999999999993,0.03862496998799522,0.03862496998799522,True,True,0.7272727272727272,0.7272727272727272
Alzheimers,75,do(APOE4=Carrier),CognitiveDecline,0.13979999999999998,0.027929171668667457,0.027929171668667457,True,True,0.8571428571428572,0.8571428571428572
Alzheimers,75,do(PhysicalActivity=Sedentary),CognitiveDecline,0.050600000000000034,0.010124249699879961,0.010124249699879961,True,True,0.8571428571428572,0.8571428571428572
Alzheimers,75,do(Diet=Poor),CognitiveDecline,0.064,0.012805522208883507,0.012805522208883507,True,True,0.8571428571428572,0.8571428571428572
Alzheimers,75,do(Cholesterol=High),CognitiveDecline,0.06420000000000003,0.01283697478991594,0.01283697478991594,True,True,0.8571428571428572,0.8571428571428572
Alzheimers,75,do(Inflammation=High),CognitiveDecline,0.10700000000000004,0.02134165666266502,0.02134165666266502,True,True,0.8571428571428572,0.8571428571428572
Alzheimers,75,do(SleepQuality=Poor),CognitiveDecline,0.029799999999999993,0.005938295318127229,0.005938295318127229,True,True,0.8571428571428572,0.8571428571428572
Alzheimers,75,do(Education=Low),CognitiveDecline,0.06940000000000002,0.013855342136854715,0.013855342136854715,True,True,0.8571428571428572,0.8571428571428572
Alzheimers,75,do(Amyloid=High),CognitiveDecline,0.21239999999999998,0.042396878751500555,0.042396878751500555,True,True,0.8571428571428572,0.8571428571428572
Alzheimers,75,do(Tau=High),CognitiveDecline,0.1972,0.03936794717887154,0.03936794717887154,True,True,0.8571428571428572,0.8571428571428572
Alzheimers,76,do(APOE4=Carrier),CognitiveDecline,0.15420000000000006,0.03083457382953181,0.03083457382953181,True,True,0.7272727272727272,0.7272727272727272
Alzheimers,76,do(PhysicalActivity=Sedentary),CognitiveDecline,0.04460000000000003,0.008916446578631415,0.008916446578631415,True,True,0.7272727272727272,0.7272727272727272
Alzheimers,76,do(Diet=Poor),CognitiveDecline,0.051600000000000035,0.010287995198079214,0.010287995198079214,True,True,0.7272727272727272,0.7272727272727272
Alzheimers,76,do(Cholesterol=High),CognitiveDecline,0.06180000000000002,0.012345498199279659,0.012345498199279659,True,True,0.7272727272727272,0.7272727272727272
Alzheimers,76,do(Inflammation=High),CognitiveDecline,0.10039999999999999,0.020059063625450152,0.020059063625450152,True,True,0.7272727272727272,0.7272727272727272
Alzheimers,76,do(SleepQuality=Poor),CognitiveDecline,0.027400000000000035,0.005458703481392518,0.005458703481392518,True,True,0.7272727272727272,0.7272727272727272
Alzheimers,76,do(Education=Low),CognitiveDecline,0.06140000000000001,0.012268787515005986,0.012268787515005986,True,True,0.7272727272727272,0.7272727272727272
Alzheimers,76,do(Amyloid=High),CognitiveDecline,0.22859999999999997,0.045634333733493404,0.045634333733493404,True,True,0.7272727272727272,0.7272727272727272
Alzheimers,76,do(Tau=High),CognitiveDecline,0.17719999999999997,0.03538487394957984,0.03538487394957984,True,True,0.7272727272727272,0.7272727272727272
Alzheimers,77,do(APOE4=Carrier),CognitiveDecline,0.14379999999999993,0.028686314525810303,0.028686314525810303,True,True,0.45454545454545453,0.45454545454545453
Alzheimers,77,do(PhysicalActivity=Sedentary),CognitiveDecline,0.04899999999999999,0.009802160864345738,0.009802160864345738,True,True,0.45454545454545453,0.45454545454545453
Alzheimers,77,do(Diet=Poor),CognitiveDecline,0.059199999999999975,0.011828811524609878,0.011828811524609878,True,True,0.45454545454545453,0.45454545454545453
Alzheimers,77,do(Cholesterol=High),CognitiveDecline,0.06419999999999998,0.012844297719087627,0.012844297719087627,True,True,0.45454545454545453,0.45454545454545453
Alzheimers,77,do(Inflammation=High),CognitiveDecline,0.10419999999999996,0.02079519807923169,0.02079519807923169,True,True,0.45454545454545453,0.45454545454545453
Alzheimers,77,do(SleepQuality=Poor),CognitiveDecline,0.025399999999999978,0.005077310924369749,0.005077310924369749,True,True,0.45454545454545453,0.45454545454545453
Alzheimers,77,do(Education=Low),CognitiveDecline,0.064,0.012785834333733481,0.012785834333733481,True,True,0.45454545454545453,0.45454545454545453
Alzheimers,77,do(Amyloid=High),CognitiveDecline,0.22219999999999995,0.04439243697478992,0.04439243697478992,True,True,0.45454545454545453,0.45454545454545453
Alzheimers,77,do(Tau=High),CognitiveDecline,0.19120000000000004,0.03826074429771906,0.03826074429771906,True,True,0.45454545454545453,0.45454545454545453
Alzheimers,78,do(APOE4=Carrier),CognitiveDecline,0.1472,0.02931860744297718,0.02931860744297718,True,True,0.6956521739130435,0.6956521739130435
Alzheimers,78,do(PhysicalActivity=Sedentary),CognitiveDecline,0.04780000000000001,0.009470228091236488,0.009470228091236488,True,True,0.6956521739130435,0.6956521739130435
Alzheimers,78,do(Diet=Poor),CognitiveDecline,0.06320000000000003,0.012593157262905164,0.012593157262905164,True,True,0.6956521739130435,0.6956521739130435
Alzheimers,78,do(Cholesterol=High),CognitiveDecline,0.06880000000000003,0.013710204081632649,0.013710204081632649,True,True,0.6956521739130435,0.6956521739130435
Alzheimers,78,do(Inflammation=High),CognitiveDecline,0.10980000000000001,0.021900840336134514,0.021900840336134514,True,True,0.6956521739130435,0.6956521739130435
Alzheimers,78,do(SleepQuality=Poor),CognitiveDecline,0.027400000000000035,0.00545066026410565,0.00545066026410565,True,True,0.6956521739130435,0.6956521739130435
Alzheimers,78,do(Education=Low),CognitiveDecline,0.065,0.012922208883553443,0.012922208883553443,True,True,0.6956521739130435,0.6956521739130435
Alzheimers,78,do(Amyloid=High),CognitiveDecline,0.2228,0.044388235294117645,0.044388235294117645,True,True,0.6956521739130435,0.6956521739130435
Alzheimers,78,do(Tau=High),CognitiveDecline,0.2066,0.04121980792316929,0.04121980792316929,True,True,0.6956521739130435,0.6956521739130435
Alzheimers,79,do(APOE4=Carrier),CognitiveDecline,0.14480000000000004,0.028929411764705898,0.028929411764705898,True,True,1.0,1.0
Alzheimers,79,do(PhysicalActivity=Sedentary),CognitiveDecline,0.051600000000000035,0.01026698679471788,0.01026698679471788,True,True,1.0,1.0
Alzheimers,79,do(Diet=Poor),CognitiveDecline,0.061,0.012216566626650688,0.012216566626650688,True,True,1.0,1.0
Alzheimers,79,do(Cholesterol=High),CognitiveDecline,0.06259999999999999,0.012464465786314521,0.012464465786314521,True,True,1.0,1.0
Alzheimers,79,do(Inflammation=High),CognitiveDecline,0.10440000000000005,0.020829531812725094,0.020829531812725094,True,True,1.0,1.0
Alzheimers,79,do(SleepQuality=Poor),CognitiveDecline,0.026600000000000013,0.005253181272509011,0.005253181272509011,True,True,1.0,1.0
Alzheimers,79,do(Education=Low),CognitiveDecline,0.06780000000000003,0.01361200480192079,0.01361200480192079,True,True,1.0,1.0
Alzheimers,79,do(Amyloid=High),CognitiveDecline,0.22060000000000002,0.04404873949579832,0.04404873949579832,True,True,1.0,1.0
Alzheimers,79,do(Tau=High),CognitiveDecline,0.19740000000000002,0.03946518607442975,0.03946518607442975,True,True,1.0,1.0
Alzheimers,80,do(APOE4=Carrier),CognitiveDecline,0.1482,0.029692076830732328,0.029692076830732328,True,True,0.9523809523809523,0.9523809523809523
Alzheimers,80,do(PhysicalActivity=Sedentary),CognitiveDecline,0.055400000000000005,0.011095318127250925,0.011095318127250925,True,True,0.9523809523809523,0.9523809523809523
Alzheimers,80,do(Diet=Poor),CognitiveDecline,0.05880000000000002,0.011722569027611068,0.011722569027611068,True,True,0.9523809523809523,0.9523809523809523
Alzheimers,80,do(Cholesterol=High),CognitiveDecline,0.07,0.01400996398559426,0.01400996398559426,True,True,0.9523809523809523,0.9523809523809523
Alzheimers,80,do(Inflammation=High),CognitiveDecline,0.11220000000000008,0.022400840336134487,0.022400840336134487,True,True,0.9523809523809523,0.9523809523809523
Alzheimers,80,do(SleepQuality=Poor),CognitiveDecline,0.029000000000000026,0.0057566626650660535,0.0057566626650660535,True,True,0.9523809523809523,0.9523809523809523
Alzheimers,80,do(Education=Low),CognitiveDecline,0.06880000000000003,0.013672629051620644,0.013672629051620644,True,True,0.9523809523809523,0.9523809523809523
Alzheimers,80,do(Amyloid=High),CognitiveDecline,0.22899999999999998,0.04588667466986793,0.04588667466986793,True,True,0.9523809523809523,0.9523809523809523
Alzheimers,80,do(Tau=High),CognitiveDecline,0.19500000000000006,0.03893733493397361,0.03893733493397361,True,True,0.9523809523809523,0.9523809523809523
Alzheimers,81,do(APOE4=Carrier),CognitiveDecline,0.1528,0.030499279711884736,0.030499279711884736,True,True,1.0,1.0
Alzheimers,81,do(PhysicalActivity=Sedentary),CognitiveDecline,0.05259999999999998,0.010502521008403348,0.010502521008403348,True,True,1.0,1.0
Alzheimers,81,do(Diet=Poor),CognitiveDecline,0.0524,0.010469627851140445,0.010469627851140445,True,True,1.0,1.0
Alzheimers,81,do(Cholesterol=High),CognitiveDecline,0.07019999999999998,0.014037334933973578,0.014037334933973578,True,True,1.0,1.0
Alzheimers,81,do(Inflammation=High),CognitiveDecline,0.10320000000000001,0.020572509003601414,0.020572509003601414,True,True,1.0,1.0
Alzheimers,81,do(SleepQuality=Poor),CognitiveDecline,0.02560000000000001,0.005112725090036019,0.005112725090036019,True,True,1.0,1.0
Alzheimers,81,do(Education=Low),CognitiveDecline,0.06440000000000001,0.012847178871548626,0.012847178871548626,True,True,1.0,1.0
Alzheimers,81,do(Amyloid=High),CognitiveDecline,0.2254,0.04498679471788711,0.04498679471788711,True,True,1.0,1.0
Alzheimers,81,do(Tau=High),CognitiveDecline,0.19280000000000003,0.038425810324129644,0.038425810324129644,True,True,1.0,1.0
Alzheimers,82,do(APOE4=Carrier),CognitiveDecline,0.14239999999999997,0.028495558223289336,0.028495558223289336,True,True,0.9523809523809523,0.9523809523809523
Alzheimers,82,do(PhysicalActivity=Sedentary),CognitiveDecline,0.0514,0.010285834333733479,0.010285834333733479,True,True,0.9523809523809523,0.9523809523809523
Alzheimers,82,do(Diet=Poor),CognitiveDecline,0.057999999999999996,0.01163241296518605,0.01163241296518605,True,True,0.9523809523809523,0.9523809523809523
Alzheimers,82,do(Cholesterol=High),CognitiveDecline,0.06459999999999999,0.012900480192076819,0.012900480192076819,True,True,0.9523809523809523,0.9523809523809523
Alzheimers,82,do(Inflammation=High),CognitiveDecline,0.10119999999999996,0.020243937575030013,0.020243937575030013,True,True,0.9523809523809523,0.9523809523809523
Alzheimers,82,do(SleepQuality=Poor),CognitiveDecline,0.028200000000000003,0.0056593037214885955,0.0056593037214885955,True,True,0.9523809523809523,0.9523809523809523
Alzheimers,82,do(Education=Low),CognitiveDecline,0.062,0.012431692677070783,0.012431692677070783,True,True,0.9523809523809523,0.9523809523809523
Alzheimers,82,do(Amyloid=High),CognitiveDecline,0.22319999999999995,0.04466914765906363,0.04466914765906363,True,True,0.9523809523809523,0.9523809523809523
Alzheimers,82,do(Tau=High),CognitiveDecline,0.18699999999999994,0.03737346938775507,0.03737346938775507,True,True,0.9523809523809523,0.9523809523809523
Alzheimers,83,do(APOE4=Carrier),CognitiveDecline,0.1472,0.029490036014405807,0.029490036014405807,True,True,0.8000000000000002,0.8000000000000002
Alzheimers,83,do(PhysicalActivity=Sedentary),CognitiveDecline,0.05660000000000004,0.011342977190876347,0.011342977190876347,True,True,0.8000000000000002,0.8000000000000002
Alzheimers,83,do(Diet=Poor),CognitiveDecline,0.05940000000000001,0.011896398559423788,0.011896398559423788,True,True,0.8000000000000002,0.8000000000000002
Alzheimers,83,do(Cholesterol=High),CognitiveDecline,0.07300000000000001,0.014674069627851172,0.014674069627851172,True,True,0.8000000000000002,0.8000000000000002
Alzheimers,83,do(Inflammation=High),CognitiveDecline,0.10740000000000005,0.021547539015606243,0.021547539015606243,True,True,0.8000000000000002,0.8000000000000002
Alzheimers,83,do(SleepQuality=Poor),CognitiveDecline,0.027600000000000013,0.005515246098439397,0.005515246098439397,True,True,0.8000000000000002,0.8000000000000002
Alzheimers,83,do(Education=Low),CognitiveDecline,0.07040000000000002,0.014098679471788722,0.014098679471788722,True,True,0.8000000000000002,0.8000000000000002
Alzheimers,83,do(Amyloid=High),CognitiveDecline,0.22560000000000002,0.045179111644657904,0.045179111644657904,True,True,0.8000000000000002,0.8000000000000002
Alzheimers,83,do(Tau=High),CognitiveDecline,0.18700000000000006,0.037420288115246114,0.037420288115246114,True,True,0.8000000000000002,0.8000000000000002
Alzheimers,84,do(APOE4=Carrier),CognitiveDecline,0.14120000000000005,0.028320648259303693,0.028320648259303693,True,True,0.8181818181818182,0.8181818181818182
Alzheimers,84,do(PhysicalActivity=Sedentary),CognitiveDecline,0.04999999999999999,0.010037695078031206,0.010037695078031206,True,True,0.8181818181818182,0.8181818181818182
Alzheimers,84,do(Diet=Poor),CognitiveDecline,0.05840000000000001,0.01171224489795919,0.01171224489795919,True,True,0.8181818181818182,0.8181818181818182
Alzheimers,84,do(Cholesterol=High),CognitiveDecline,0.0696,0.013942256902761102,0.013942256902761102,True,True,0.8181818181818182,0.8181818181818182
Alzheimers,84,do(Inflammation=High),CognitiveDecline,0.10139999999999999,0.020339855942376972,0.020339855942376972,True,True,0.8181818181818182,0.8181818181818182
Alzheimers,84,do(SleepQuality=Poor),CognitiveDecline,0.026000000000000023,0.005229411764705899,0.005229411764705899,True,True,0.8181818181818182,0.8181818181818182
Alzheimers,84,do(Education=Low),CognitiveDecline,0.06459999999999999,0.012914645858343343,0.012914645858343343,True,True,0.8181818181818182,0.8181818181818182
Alzheimers,84,do(Amyloid=High),CognitiveDecline,0.21939999999999998,0.043985474189675855,0.043985474189675855,True,True,0.8181818181818182,0.8181818181818182
Alzheimers,84,do(Tau=High),CognitiveDecline,0.19680000000000003,0.03939303721488599,0.03939303721488599,True,True,0.8181818181818182,0.8181818181818182
Alzheimers,85,do(APOE4=Carrier),CognitiveDecline,0.14539999999999997,0.02905222088835538,0.02905222088835538,True,True,0.6,0.6
Alzheimers,85,do(PhysicalActivity=Sedentary),CognitiveDecline,0.04720000000000002,0.009469747899159664,0.009469747899159664,True,True,0.6,0.6
Alzheimers,85,do(Diet=Poor),CognitiveDecline,0.061,0.012200000000000016,0.012200000000000016,True,True,0.6,0.6
Alzheimers,85,do(Cholesterol=High),CognitiveDecline,0.062,0.01243505402160866,0.01243505402160866,True,True,0.6,0.6
Alzheimers,85,do(Inflammation=High),CognitiveDecline,0.10460000000000003,0.020964345738295337,0.020964345738295337,True,True,0.6,0.6
Alzheimers,85,do(SleepQuality=Poor),CognitiveDecline,0.027600000000000013,0.005481392557022818,0.005481392557022818,True,True,0.6,0.6
Alzheimers,85,do(Education=Low),CognitiveDecline,0.065,0.01298775510204081,0.01298775510204081,True,True,0.6,0.6
Alzheimers,85,do(Amyloid=High),CognitiveDecline,0.2188,0.04374225690276112,0.04374225690276112,True,True,0.6,0.6
Alzheimers,85,do(Tau=High),CognitiveDecline,0.1904,0.037946818727491005,0.037946818727491005,True,True,0.6,0.6
Alzheimers,86,do(APOE4=Carrier),CognitiveDecline,0.14080000000000004,0.028098319327731075,0.028098319327731075,True,True,1.0,1.0
Alzheimers,86,do(PhysicalActivity=Sedentary),CognitiveDecline,0.04980000000000001,0.00993337334933972,0.00993337334933972,True,True,1.0,1.0
Alzheimers,86,do(Diet=Poor),CognitiveDecline,0.056400000000000006,0.011284273709483789,0.011284273709483789,True,True,1.0,1.0
Alzheimers,86,do(Cholesterol=High),CognitiveDecline,0.065,0.012987274909963958,0.012987274909963958,True,True,1.0,1.0
Alzheimers,86,do(Inflammation=High),CognitiveDecline,0.10999999999999999,0.02200564225690277,0.02200564225690277,True,True,1.0,1.0
Alzheimers,86,do(SleepQuality=Poor),CognitiveDecline,0.0252,0.0050220888355341775,0.0050220888355341775,True,True,1.0,1.0
Alzheimers,86,do(Education=Low),CognitiveDecline,0.06779999999999997,0.013571788715486172,0.013571788715486172,True,True,1.0,1.0
Alzheimers,86,do(Amyloid=High),CognitiveDecline,0.21699999999999997,0.043341176470588244,0.043341176470588244,True,True,1.0,1.0
Alzheimers,86,do(Tau=High),CognitiveDecline,0.1936,0.03867466986794718,0.03867466986794718,True,True,1.0,1.0
Alzheimers,87,do(APOE4=Carrier),CognitiveDecline,0.1452,0.02905498199279713,0.02905498199279713,True,True,0.9523809523809523,0.9523809523809523
Alzheimers,87,do(PhysicalActivity=Sedentary),CognitiveDecline,0.04980000000000001,0.009967226890756298,0.009967226890756298,True,True,0.9523809523809523,0.9523809523809523
Alzheimers,87,do(Diet=Poor),CognitiveDecline,0.059199999999999975,0.01183757503001201,0.01183757503001201,True,True,0.9523809523809523,0.9523809523809523
Alzheimers,87,do(Cholesterol=High),CognitiveDecline,0.06779999999999997,0.013557503001200483,0.013557503001200483,True,True,0.9523809523809523,0.9523809523809523
Alzheimers,87,do(Inflammation=High),CognitiveDecline,0.1018,0.02029951980792316,0.02029951980792316,True,True,0.9523809523809523,0.9523809523809523
Alzheimers,87,do(SleepQuality=Poor),CognitiveDecline,0.02799999999999997,0.005620528211284503,0.005620528211284503,True,True,0.9523809523809523,0.9523809523809523
Alzheimers,87,do(Education=Low),CognitiveDecline,0.06379999999999997,0.012736134453781522,0.012736134453781522,True,True,0.9523809523809523,0.9523809523809523
Alzheimers,87,do(Amyloid=High),CognitiveDecline,0.22160000000000002,0.0443250900360144,0.0443250900360144,True,True,0.9523809523809523,0.9523809523809523
Alzheimers,87,do(Tau=High),CognitiveDecline,0.19740000000000002,0.039440696278511406,0.039440696278511406,True,True,0.9523809523809523,0.9523809523809523
Alzheimers,88,do(APOE4=Carrier),CognitiveDecline,0.13579999999999998,0.02713193277310924,0.02713193277310924,True,True,1.0,1.0
Alzheimers,88,do(PhysicalActivity=Sedentary),CognitiveDecline,0.04680000000000001,0.009367707082833132,0.009367707082833132,True,True,1.0,1.0
Alzheimers,88,do(Diet=Poor),CognitiveDecline,0.053600000000000037,0.010680672268907565,0.010680672268907565,True,True,1.0,1.0
Alzheimers,88,do(Cholesterol=High),CognitiveDecline,0.06420000000000003,0.012812605042016811,0.012812605042016811,True,True,1.0,1.0
Alzheimers,88,do(Inflammation=High),CognitiveDecline,0.09939999999999999,0.019930132052821126,0.019930132052821126,True,True,1.0,1.0
Alzheimers,88,do(SleepQuality=Poor),CognitiveDecline,0.02460000000000001,0.004884753901560623,0.004884753901560623,True,True,1.0,1.0
Alzheimers,88,do(Education=Low),CognitiveDecline,0.06220000000000003,0.012448379351740702,0.012448379351740702,True,True,1.0,1.0
Alzheimers,88,do(Amyloid=High),CognitiveDecline,0.21159999999999995,0.042313085234093634,0.042313085234093634,True,True,1.0,1.0
Alzheimers,88,do(Tau=High),CognitiveDecline,0.186,0.03712941176470588,0.03712941176470588,True,True,1.0,1.0
Alzheimers,89,do(APOE4=Carrier),CognitiveDecline,0.1472,0.02946734693877548,0.02946734693877548,True,True,0.8571428571428572,0.8571428571428572
Alzheimers,89,do(PhysicalActivity=Sedentary),CognitiveDecline,0.0484,0.009707803121248498,0.009707803121248498,True,True,0.8571428571428572,0.8571428571428572
Alzheimers,89,do(Diet=Poor),CognitiveDecline,0.05679999999999996,0.011394117647058805,0.011394117647058805,True,True,0.8571428571428572,0.8571428571428572
Alzheimers,89,do(Cholesterol=High),CognitiveDecline,0.06219999999999998,0.012421128451380548,0.012421128451380548,True,True,0.8571428571428572,0.8571428571428572
Alzheimers,89,do(Inflammation=High),CognitiveDecline,0.10160000000000002,0.020328571428571446,0.020328571428571446,True,True,0.8571428571428572,0.8571428571428572
Alzheimers,89,do(SleepQuality=Poor),CognitiveDecline,0.027599999999999958,0.005556542617046828,0.005556542617046828,True,True,0.8571428571428572,0.8571428571428572
Alzheimers,89,do(Education=Low),CognitiveDecline,0.06819999999999998,0.01364825930372146,0.01364825930372146,True,True,0.8571428571428572,0.8571428571428572
Alzheimers,89,do(Amyloid=High),CognitiveDecline,0.22099999999999997,0.04420180072028812,0.04420180072028812,True,True,0.8571428571428572,0.8571428571428572
Alzheimers,89,do(Tau=High),CognitiveDecline,0.18520000000000003,0.037047178871548625,0.037047178871548625,True,True,0.8571428571428572,0.8571428571428572
Alzheimers,90,do(APOE4=Carrier),CognitiveDecline,0.1356,0.027252100840336163,0.027252100840336163,True,True,0.5,0.5
Alzheimers,90,do(PhysicalActivity=Sedentary),CognitiveDecline,0.047199999999999964,0.00948859543817529,0.00948859543817529,True,True,0.5,0.5
Alzheimers,90,do(Diet=Poor),CognitiveDecline,0.05219999999999997,0.010385474189675892,0.010385474189675892,True,True,0.5,0.5
Alzheimers,90,do(Cholesterol=High),CognitiveDecline,0.066,0.013267226890756323,0.013267226890756323,True,True,0.5,0.5
Alzheimers,90,do(Inflammation=High),CognitiveDecline,0.10079999999999995,0.02022893157262906,0.02022893157262906,True,True,0.5,0.5
Alzheimers,90,do(SleepQuality=Poor),CognitiveDecline,0.026599999999999957,0.005309003601440598,0.005309003601440598,True,True,0.5,0.5
Alzheimers,90,do(Education=Low),CognitiveDecline,0.063,0.012655942376950807,0.012655942376950807,True,True,0.5,0.5
Alzheimers,90,do(Amyloid=High),CognitiveDecline,0.203,0.040749099639855985,0.040749099639855985,True,True,0.5,0.5
Alzheimers,90,do(Tau=High),CognitiveDecline,0.177,0.035322208883553474,0.035322208883553474,True,True,0.5,0.5
Alzheimers,91,do(APOE4=Carrier),CognitiveDecline,0.14879999999999993,0.029784273709483805,0.029784273709483805,True,True,0.45454545454545453,0.45454545454545453
Alzheimers,91,do(PhysicalActivity=Sedentary),CognitiveDecline,0.04899999999999999,0.009863865546218487,0.009863865546218487,True,True,0.45454545454545453,0.45454545454545453
Alzheimers,91,do(Diet=Poor),CognitiveDecline,0.05879999999999996,0.01176374549819928,0.01176374549819928,True,True,0.45454545454545453,0.45454545454545453
Alzheimers,91,do(Cholesterol=High),CognitiveDecline,0.062399999999999956,0.012556062424969955,0.012556062424969955,True,True,0.45454545454545453,0.45454545454545453
Alzheimers,91,do(Inflammation=High),CognitiveDecline,0.10319999999999996,0.02072112845138055,0.02072112845138055,True,True,0.45454545454545453,0.45454545454545453
Alzheimers,91,do(SleepQuality=Poor),CognitiveDecline,0.025599999999999956,0.005124969987995193,0.005124969987995193,True,True,0.45454545454545453,0.45454545454545453
Alzheimers,91,do(Education=Low),CognitiveDecline,0.06479999999999997,0.013005402160864349,0.013005402160864349,True,True,0.45454545454545453,0.45454545454545453
Alzheimers,91,do(Amyloid=High),CognitiveDecline,0.21999999999999997,0.044050420168067234,0.044050420168067234,True,True,0.45454545454545453,0.45454545454545453
Alzheimers,91,do(Tau=High),CognitiveDecline,0.20219999999999994,0.04046614645858343,0.04046614645858343,True,True,0.45454545454545453,0.45454545454545453
Stroke,42,do(Hypertension=High),Stroke,0.1476,0.0295738295318127,0.0295738295318127,True,True,0.7272727272727272,0.7272727272727272
Stroke,42,do(Age=Elderly),Stroke,0.067,0.013377190876350531,0.013377190876350531,True,True,0.7272727272727272,0.7272727272727272
Stroke,42,do(Smoking=Smoker),Stroke,0.1054,0.021078511404561795,0.021078511404561795,True,True,0.7272727272727272,0.7272727272727272
Stroke,42,do(Atherosclerosis=Present),Stroke,0.30879999999999996,0.06178883553421366,0.06178883553421366,True,True,0.7272727272727272,0.7272727272727272
Stroke,42,do(BloodClotting=Hypercoagulable),Stroke,0.277,0.055402761104441756,0.055402761104441756,True,True,0.7272727272727272,0.7272727272727272
Stroke,43,do(Hypertension=High),Stroke,0.15140000000000003,0.030227731092436982,0.030227731092436982,True,True,0.8000000000000002,0.888888888888889
Stroke,43,do(Age=Elderly),Stroke,0.06620000000000004,0.013162424969988012,0.013162424969988012,True,True,0.8000000000000002,0.888888888888889
Stroke,43,do(Smoking=Smoker),Stroke,0.1068,0.02129339735894359,0.02129339735894359,True,True,0.8000000000000002,0.888888888888889
Stroke,43,do(Atherosclerosis=Present),Stroke,0.30100000000000005,0.0601110444177671,0.0601110444177671,True,True,0.8000000000000002,0.888888888888889
Stroke,43,do(BloodClotting=Hypercoagulable),Stroke,0.2784,0.05567635054021608,0.05567635054021608,True,True,0.8000000000000002,0.888888888888889
Stroke,44,do(Hypertension=High),Stroke,0.1538,0.03071560624249703,0.03071560624249703,True,True,0.888888888888889,0.5714285714285715
Stroke,44,do(Age=Elderly),Stroke,0.0686,0.013702400960384165,0.013702400960384165,True,True,0.888888888888889,0.5714285714285715
Stroke,44,do(Smoking=Smoker),Stroke,0.09140000000000004,0.018236014405762335,0.018236014405762335,True,True,0.888888888888889,0.5714285714285715
Stroke,44,do(Atherosclerosis=Present),Stroke,0.30600000000000005,0.061216326530612264,0.061216326530612264,True,True,0.888888888888889,0.5714285714285715
Stroke,44,do(BloodClotting=Hypercoagulable),Stroke,0.2662,0.05318691476590637,0.05318691476590637,True,True,0.888888888888889,0.5714285714285715
Stroke,45,do(Hypertension=High),Stroke,0.14499999999999996,0.028956782713085244,0.028956782713085244,True,True,0.888888888888889,0.4444444444444445
Stroke,45,do(Age=Elderly),Stroke,0.06479999999999997,0.01295246098439376,0.01295246098439376,True,True,0.888888888888889,0.4444444444444445
Stroke,45,do(Smoking=Smoker),Stroke,0.1114,0.022238415366146458,0.022238415366146458,True,True,0.888888888888889,0.4444444444444445
Stroke,45,do(Atherosclerosis=Present),Stroke,0.302,0.06026710684273709,0.06026710684273709,True,True,0.888888888888889,0.4444444444444445
Stroke,45,do(BloodClotting=Hypercoagulable),Stroke,0.28619999999999995,0.05717647058823527,0.05717647058823527,True,True,0.888888888888889,0.4444444444444445
Stroke,46,do(Hypertension=High),Stroke,0.16060000000000002,0.03206050420168069,0.03206050420168069,True,True,0.3636363636363636,0.3636363636363636
Stroke,46,do(Age=Elderly),Stroke,0.0686,0.013728451380552203,0.013728451380552203,True,True,0.3636363636363636,0.3636363636363636
Stroke,46,do(Smoking=Smoker),Stroke,0.10300000000000004,0.020622569027611032,0.020622569027611032,True,True,0.3636363636363636,0.3636363636363636
Stroke,46,do(Atherosclerosis=Present),Stroke,0.3074,0.06144813925570233,0.06144813925570233,True,True,0.3636363636363636,0.3636363636363636
Stroke,46,do(BloodClotting=Hypercoagulable),Stroke,0.28600000000000003,0.05720060024009602,0.05720060024009602,True,True,0.3636363636363636,0.3636363636363636
Stroke,47,do(Hypertension=High),Stroke,0.1558,0.03108739495798321,0.03108739495798321,True,True,0.8000000000000002,0.5714285714285715
Stroke,47,do(Age=Elderly),Stroke,0.07,0.013955702280912391,0.013955702280912391,True,True,0.8000000000000002,0.5714285714285715
Stroke,47,do(Smoking=Smoker),Stroke,0.10920000000000002,0.021864825930372173,0.021864825930372173,True,True,0.8000000000000002,0.5714285714285715
Stroke,47,do(Atherosclerosis=Present),Stroke,0.2944,0.058779111644657905,0.058779111644657905,True,True,0.8000000000000002,0.5714285714285715
Stroke,47,do(BloodClotting=Hypercoagulable),Stroke,0.27759999999999996,0.0554908763505402,0.0554908763505402,True,True,0.8000000000000002,0.5714285714285715
Stroke,48,do(Hypertension=High),Stroke,0.14739999999999998,0.02941740696278511,0.02941740696278511,True,True,0.888888888888889,0.5
Stroke,48,do(Age=Elderly),Stroke,0.066,0.013171788715486188,0.013171788715486188,True,True,0.888888888888889,0.5
Stroke,48,do(Smoking=Smoker),Stroke,0.09639999999999999,0.019292316926770664,0.019292316926770664,True,True,0.888888888888889,0.5
Stroke,48,do(Atherosclerosis=Present),Stroke,0.2982,0.05953985594237693,0.05953985594237693,True,True,0.888888888888889,0.5
Stroke,48,do(BloodClotting=Hypercoagulable),Stroke,0.26979999999999993,0.053985474189675836,0.053985474189675836,True,True,0.888888888888889,0.5
Stroke,49,do(Hypertension=High),Stroke,0.14999999999999997,0.02999735894357744,0.02999735894357744,True,True,0.888888888888889,0.888888888888889
Stroke,49,do(Age=Elderly),Stroke,0.06379999999999997,0.012767947178871558,0.012767947178871558,True,True,0.888888888888889,0.888888888888889
Stroke,49,do(Smoking=Smoker),Stroke,0.10399999999999998,0.020755342136854732,0.020755342136854732,True,True,0.888888888888889,0.888888888888889
Stroke,49,do(Atherosclerosis=Present),Stroke,0.2966,0.05933301320528214,0.05933301320528214,True,True,0.888888888888889,0.888888888888889
Stroke,49,do(BloodClotting=Hypercoagulable),Stroke,0.28200000000000003,0.056369987995198045,0.056369987995198045,True,True,0.888888888888889,0.888888888888889
Stroke,50,do(Hypertension=High),Stroke,0.1512,0.030240456182473008,0.030240456182473008,True,True,0.4000000000000001,0.4000000000000001
Stroke,50,do(Age=Elderly),Stroke,0.06519999999999998,0.013090156062425001,0.013090156062425001,True,True,0.4000000000000001,0.4000000000000001
Stroke,50,do(Smoking=Smoker),Stroke,0.10139999999999999,0.02024813925570232,0.02024813925570232,True,True,0.4000000000000001,0.4000000000000001
Stroke,50,do(Atherosclerosis=Present),Stroke,0.30219999999999997,0.060390396158463394,0.060390396158463394,True,True,0.4000000000000001,0.4000000000000001
Stroke,50,do(BloodClotting=Hypercoagulable),Stroke,0.2696,0.05389171668667467,0.05389171668667467,True,True,0.4000000000000001,0.4000000000000001
Stroke,51,do(Hypertension=High),Stroke,0.14759999999999995,0.02953289315726293,0.02953289315726293,True,True,0.888888888888889,0.888888888888889
Stroke,51,do(Age=Elderly),Stroke,0.069,0.013823049219687883,0.013823049219687883,True,True,0.888888888888889,0.888888888888889
Stroke,51,do(Smoking=Smoker),Stroke,0.10439999999999999,0.020848139255702308,0.020848139255702308,True,True,0.888888888888889,0.888888888888889
Stroke,51,do(Atherosclerosis=Present),Stroke,0.3056,0.061200240096038444,0.061200240096038444,True,True,0.888888888888889,0.888888888888889
Stroke,51,do(BloodClotting=Hypercoagulable),Stroke,0.2844,0.056884153661464654,0.056884153661464654,True,True,0.888888888888889,0.888888888888889
Stroke,52,do(Hypertension=High),Stroke,0.1416,0.028324369747899175,0.028324369747899175,True,True,0.888888888888889,0.5714285714285715
Stroke,52,do(Age=Elderly),Stroke,0.06280000000000002,0.01257779111644658,0.01257779111644658,True,True,0.888888888888889,0.5714285714285715
Stroke,52,do(Smoking=Smoker),Stroke,0.1084,0.021646218487394953,0.021646218487394953,True,True,0.888888888888889,0.5714285714285715
Stroke,52,do(Atherosclerosis=Present),Stroke,0.30280000000000007,0.060511404561824744,0.060511404561824744,True,True,0.888888888888889,0.5714285714285715
Stroke,52,do(BloodClotting=Hypercoagulable),Stroke,0.2842,0.05680048019207684,0.05680048019207684,True,True,0.888888888888889,0.5714285714285715
Stroke,53,do(Hypertension=High),Stroke,0.1488,0.029744297719087626,0.029744297719087626,True,True,0.888888888888889,0.888888888888889
Stroke,53,do(Age=Elderly),Stroke,0.06899999999999995,0.013828691476590604,0.013828691476590604,True,True,0.888888888888889,0.888888888888889
Stroke,53,do(Smoking=Smoker),Stroke,0.10499999999999998,0.021022569027611016,0.021022569027611016,True,True,0.888888888888889,0.888888888888889
Stroke,53,do(Atherosclerosis=Present),Stroke,0.2966,0.05932316926770706,0.05932316926770706,True,True,0.888888888888889,0.888888888888889
Stroke,53,do(BloodClotting=Hypercoagulable),Stroke,0.279,0.05577575030012,0.05577575030012,True,True,0.888888888888889,0.888888888888889
Stroke,54,do(Hypertension=High),Stroke,0.1492,0.02980684273709483,0.02980684273709483,True,True,0.888888888888889,0.4444444444444445
Stroke,54,do(Age=Elderly),Stroke,0.06579999999999997,0.013167106842737086,0.013167106842737086,True,True,0.888888888888889,0.4444444444444445
Stroke,54,do(Smoking=Smoker),Stroke,0.10139999999999999,0.020262064825930348,0.020262064825930348,True,True,0.888888888888889,0.4444444444444445
Stroke,54,do(Atherosclerosis=Present),Stroke,0.29900000000000004,0.05982184873949578,0.05982184873949578,True,True,0.888888888888889,0.4444444444444445
Stroke,54,do(BloodClotting=Hypercoagulable),Stroke,0.26859999999999995,0.05371632653061226,0.05371632653061226,True,True,0.888888888888889,0.4444444444444445
Stroke,55,do(Hypertension=High),Stroke,0.15159999999999996,0.03031428571428571,0.03031428571428571,True,True,0.888888888888889,0.888888888888889
Stroke,55,do(Age=Elderly),Stroke,0.06839999999999996,0.01363373349339736,0.01363373349339736,True,True,0.888888888888889,0.888888888888889
Stroke,55,do(Smoking=Smoker),Stroke,0.11119999999999997,0.022180672268907575,0.022180672268907575,True,True,0.888888888888889,0.888888888888889
Stroke,55,do(Atherosclerosis=Present),Stroke,0.3066,0.06125966386554624,0.06125966386554624,True,True,0.888888888888889,0.888888888888889
Stroke,55,do(BloodClotting=Hypercoagulable),Stroke,0.2754,0.055013805522208914,0.055013805522208914,True,True,0.888888888888889,0.888888888888889
Stroke,56,do(Hypertension=High),Stroke,0.1492,0.02978823529411767,0.02978823529411767,True,True,0.888888888888889,0.5714285714285715
Stroke,56,do(Age=Elderly),Stroke,0.0706,0.014103241296518632,0.014103241296518632,True,True,0.888888888888889,0.5714285714285715
Stroke,56,do(Smoking=Smoker),Stroke,0.10659999999999997,0.021299279711884778,0.021299279711884778,True,True,0.888888888888889,0.5714285714285715
Stroke,56,do(Atherosclerosis=Present),Stroke,0.29719999999999996,0.05937418967587041,0.05937418967587041,True,True,0.888888888888889,0.5714285714285715
Stroke,56,do(BloodClotting=Hypercoagulable),Stroke,0.2748,0.05488823529411771,0.05488823529411771,True,True,0.888888888888889,0.5714285714285715
Stroke,57,do(Hypertension=High),Stroke,0.1512,0.030321008403361327,0.030321008403361327,True,True,0.5714285714285715,0.888888888888889
Stroke,57,do(Age=Elderly),Stroke,0.06320000000000003,0.01265906362545019,0.01265906362545019,True,True,0.5714285714285715,0.888888888888889
Stroke,57,do(Smoking=Smoker),Stroke,0.11460000000000004,0.022908643457382943,0.022908643457382943,True,True,0.5714285714285715,0.888888888888889
Stroke,57,do(Atherosclerosis=Present),Stroke,0.2992,0.05995282112845138,0.05995282112845138,True,True,0.5714285714285715,0.888888888888889
Stroke,57,do(BloodClotting=Hypercoagulable),Stroke,0.28280000000000005,0.056624129651860755,0.056624129651860755,True,True,0.5714285714285715,0.888888888888889
Stroke,58,do(Hypertension=High),Stroke,0.1498,0.03000876350540216,0.03000876350540216,True,True,0.888888888888889,0.888888888888889
Stroke,58,do(Age=Elderly),Stroke,0.06539999999999996,0.01312833133253305,0.01312833133253305,True,True,0.888888888888889,0.888888888888889
Stroke,58,do(Smoking=Smoker),Stroke,0.10459999999999997,0.020922448979591834,0.020922448979591834,True,True,0.888888888888889,0.888888888888889
Stroke,58,do(Atherosclerosis=Present),Stroke,0.287,0.057409003601440606,0.057409003601440606,True,True,0.888888888888889,0.888888888888889
Stroke,58,do(BloodClotting=Hypercoagulable),Stroke,0.2803999999999999,0.05617202881152464,0.05617202881152464,True,True,0.888888888888889,0.888888888888889
Stroke,59,do(Hypertension=High),Stroke,0.14500000000000002,0.029064705882352937,0.029064705882352937,True,True,0.888888888888889,0.8000000000000002
Stroke,59,do(Age=Elderly),Stroke,0.06220000000000003,0.01249951980792316,0.01249951980792316,True,True,0.888888888888889,0.8000000000000002
Stroke,59,do(Smoking=Smoker),Stroke,0.10440000000000005,0.020880672268907552,0.020880672268907552,True,True,0.888888888888889,0.8000000000000002
Stroke,59,do(Atherosclerosis=Present),Stroke,0.29460000000000003,0.058986914765906395,0.058986914765906395,True,True,0.888888888888889,0.8000000000000002
Stroke,59,do(BloodClotting=Hypercoagulable),Stroke,0.27720000000000006,0.05544645858343339,0.05544645858343339,True,True,0.888888888888889,0.8000000000000002
Stroke,60,do(Hypertension=High),Stroke,0.14599999999999996,0.029189555822328933,0.029189555822328933,True,True,0.8000000000000002,0.8000000000000002
Stroke,60,do(Age=Elderly),Stroke,0.06259999999999999,0.012531452581032415,0.012531452581032415,True,True,0.8000000000000002,0.8000000000000002
Stroke,60,do(Smoking=Smoker),Stroke,0.1028,0.020581992797118837,0.020581992797118837,True,True,0.8000000000000002,0.8000000000000002
Stroke,60,do(Atherosclerosis=Present),Stroke,0.2994,0.05979963985594233,0.05979963985594233,True,True,0.8000000000000002,0.8000000000000002
Stroke,60,do(BloodClotting=Hypercoagulable),Stroke,0.278,0.055541896758703496,0.055541896758703496,True,True,0.8000000000000002,0.8000000000000002
Stroke,61,do(Hypertension=High),Stroke,0.1462,0.0292626650660264,0.0292626650660264,True,True,0.888888888888889,0.5714285714285715
Stroke,61,do(Age=Elderly),Stroke,0.06780000000000003,0.013531572629051636,0.013531572629051636,True,True,0.888888888888889,0.5714285714285715
Stroke,61,do(Smoking=Smoker),Stroke,0.10920000000000002,0.02183913565426171,0.02183913565426171,True,True,0.888888888888889,0.5714285714285715
Stroke,61,do(Atherosclerosis=Present),Stroke,0.3134,0.06265894357743099,0.06265894357743099,True,True,0.888888888888889,0.5714285714285715
Stroke,61,do(BloodClotting=Hypercoagulable),Stroke,0.28680000000000005,0.057275270108043175,0.057275270108043175,True,True,0.888888888888889,0.5714285714285715
Stroke,62,do(Hypertension=High),Stroke,0.15360000000000001,0.030788475390156084,0.030788475390156084,True,True,0.888888888888889,0.888888888888889
Stroke,62,do(Age=Elderly),Stroke,0.06319999999999998,0.012663745498199291,0.012663745498199291,True,True,0.888888888888889,0.888888888888889
Stroke,62,do(Smoking=Smoker),Stroke,0.10239999999999999,0.02045570228091237,0.02045570228091237,True,True,0.888888888888889,0.888888888888889
Stroke,62,do(Atherosclerosis=Present),Stroke,0.29960000000000003,0.05991332533013205,0.05991332533013205,True,True,0.888888888888889,0.888888888888889
Stroke,62,do(BloodClotting=Hypercoagulable),Stroke,0.26819999999999994,0.053583193277310925,0.053583193277310925,True,True,0.888888888888889,0.888888888888889
Stroke,63,do(Hypertension=High),Stroke,0.15359999999999996,0.030655582232893164,0.030655582232893164,True,True,0.888888888888889,0.5714285714285715
Stroke,63,do(Age=Elderly),Stroke,0.061,0.012218247298919571,0.012218247298919571,True,True,0.888888888888889,0.5714285714285715
Stroke,63,do(Smoking=Smoker),Stroke,0.10279999999999995,0.020563145258103238,0.020563145258103238,True,True,0.888888888888889,0.5714285714285715
Stroke,63,do(Atherosclerosis=Present),Stroke,0.30099999999999993,0.060137815126050376,0.060137815126050376,True,True,0.888888888888889,0.5714285714285715
Stroke,63,do(BloodClotting=Hypercoagulable),Stroke,0.278,0.05564201680672268,0.05564201680672268,True,True,0.888888888888889,0.5714285714285715
Stroke,64,do(Hypertension=High),Stroke,0.1462,0.029256782713085294,0.029256782713085294,True,True,0.888888888888889,0.5714285714285715
Stroke,64,do(Age=Elderly),Stroke,0.07040000000000002,0.014068667466986817,0.014068667466986817,True,True,0.888888888888889,0.5714285714285715
Stroke,64,do(Smoking=Smoker),Stroke,0.0998,0.01992088835534217,0.01992088835534217,True,True,0.888888888888889,0.5714285714285715
Stroke,64,do(Atherosclerosis=Present),Stroke,0.29740000000000005,0.05956434573829533,0.05956434573829533,True,True,0.888888888888889,0.5714285714285715
Stroke,64,do(BloodClotting=Hypercoagulable),Stroke,0.2756,0.05514957983193275,0.05514957983193275,True,True,0.888888888888889,0.5714285714285715
Stroke,65,do(Hypertension=High),Stroke,0.14479999999999998,0.028957983193277304,0.028957983193277304,True,True,0.888888888888889,0.888888888888889
Stroke,65,do(Age=Elderly),Stroke,0.068,0.013614765906362541,0.013614765906362541,True,True,0.888888888888889,0.888888888888889
Stroke,65,do(Smoking=Smoker),Stroke,0.10880000000000001,0.021772268907563036,0.021772268907563036,True,True,0.888888888888889,0.888888888888889
Stroke,65,do(Atherosclerosis=Present),Stroke,0.29960000000000003,0.059971428571428564,0.059971428571428564,True,True,0.888888888888889,0.888888888888889
Stroke,65,do(BloodClotting=Hypercoagulable),Stroke,0.2766,0.0553967587034814,0.0553967587034814,True,True,0.888888888888889,0.888888888888889
Stroke,66,do(Hypertension=High),Stroke,0.15699999999999997,0.03139111644657866,0.03139111644657866,True,True,0.888888888888889,0.888888888888889
Stroke,66,do(Age=Elderly),Stroke,0.06639999999999996,0.01328859543817526,0.01328859543817526,True,True,0.888888888888889,0.888888888888889
Stroke,66,do(Smoking=Smoker),Stroke,0.10919999999999996,0.021838655462184914,0.021838655462184914,True,True,0.888888888888889,0.888888888888889
Stroke,66,do(Atherosclerosis=Present),Stroke,0.297,0.05941788715486196,0.05941788715486196,True,True,0.888888888888889,0.888888888888889
Stroke,66,do(BloodClotting=Hypercoagulable),Stroke,0.2788,0.055733493397358974,0.055733493397358974,True,True,0.888888888888889,0.888888888888889
Stroke,67,do(Hypertension=High),Stroke,0.1502,0.030103721488595414,0.030103721488595414,True,True,0.8000000000000002,0.8000000000000002
Stroke,67,do(Age=Elderly),Stroke,0.06659999999999999,0.013314765906362519,0.013314765906362519,True,True,0.8000000000000002,0.8000000000000002
Stroke,67,do(Smoking=Smoker),Stroke,0.10760000000000003,0.02148907563025207,0.02148907563025207,True,True,0.8000000000000002,0.8000000000000002
Stroke,67,do(Atherosclerosis=Present),Stroke,0.30540000000000006,0.06123265306122447,0.06123265306122447,True,True,0.8000000000000002,0.8000000000000002
Stroke,67,do(BloodClotting=Hypercoagulable),Stroke,0.27820000000000006,0.055618127250900345,0.055618127250900345,True,True,0.8000000000000002,0.8000000000000002
Stroke,68,do(Hypertension=High),Stroke,0.15999999999999998,0.03195966386554622,0.03195966386554622,True,True,0.888888888888889,0.8000000000000002
Stroke,68,do(Age=Elderly),Stroke,0.0676,0.01351140456182473,0.01351140456182473,True,True,0.888888888888889,0.8000000000000002
Stroke,68,do(Smoking=Smoker),Stroke,0.11080000000000001,0.022183793517406958,0.022183793517406958,True,True,0.888888888888889,0.8000000000000002
Stroke,68,do(Atherosclerosis=Present),Stroke,0.303,0.06050036014405763,0.06050036014405763,True,True,0.888888888888889,0.8000000000000002
Stroke,68,do(BloodClotting=Hypercoagulable),Stroke,0.27719999999999995,0.05546098439375749,0.05546098439375749,True,True,0.888888888888889,0.8000000000000002
Stroke,69,do(Hypertension=High),Stroke,0.15040000000000003,0.03009747899159665,0.03009747899159665,True,True,0.8000000000000002,0.4444444444444445
Stroke,69,do(Age=Elderly),Stroke,0.06819999999999998,0.013657743097238884,0.013657743097238884,True,True,0.8000000000000002,0.4444444444444445
Stroke,69,do(Smoking=Smoker),Stroke,0.10499999999999998,0.02096746698679472,0.02096746698679472,True,True,0.8000000000000002,0.4444444444444445
Stroke,69,do(Atherosclerosis=Present),Stroke,0.3038,0.06071860744297719,0.06071860744297719,True,True,0.8000000000000002,0.4444444444444445
Stroke,69,do(BloodClotting=Hypercoagulable),Stroke,0.2848,0.05695714285714287,0.05695714285714287,True,True,0.8000000000000002,0.4444444444444445
Stroke,70,do(Hypertension=High),Stroke,0.14900000000000002,0.029875510204081634,0.029875510204081634,True,True,0.888888888888889,0.888888888888889
Stroke,70,do(Age=Elderly),Stroke,0.064,0.012803721488595404,0.012803721488595404,True,True,0.888888888888889,0.888888888888889
Stroke,70,do(Smoking=Smoker),Stroke,0.10400000000000004,0.020818127250900348,0.020818127250900348,True,True,0.888888888888889,0.888888888888889
Stroke,70,do(Atherosclerosis=Present),Stroke,0.29580000000000006,0.05913385354141654,0.05913385354141654,True,True,0.888888888888889,0.888888888888889
Stroke,70,do(BloodClotting=Hypercoagulable),Stroke,0.2782,0.055685714285714255,0.055685714285714255,True,True,0.888888888888889,0.888888888888889
Stroke,71,do(Hypertension=High),Stroke,0.15240000000000004,0.030506962785114056,0.030506962785114056,True,True,0.888888888888889,0.888888888888889
Stroke,71,do(Age=Elderly),Stroke,0.06640000000000001,0.013336494597839144,0.013336494597839144,True,True,0.888888888888889,0.888888888888889
Stroke,71,do(Smoking=Smoker),Stroke,0.09939999999999999,0.01988835534213687,0.01988835534213687,True,True,0.888888888888889,0.888888888888889
Stroke,71,do(Atherosclerosis=Present),Stroke,0.29819999999999997,0.05970288115246103,0.05970288115246103,True,True,0.888888888888889,0.888888888888889
Stroke,71,do(BloodClotting=Hypercoagulable),Stroke,0.27440000000000003,0.05489819927971193,0.05489819927971193,True,True,0.888888888888889,0.888888888888889
Stroke,72,do(Hypertension=High),Stroke,0.15159999999999996,0.030294957983193288,0.030294957983193288,True,True,0.5714285714285715,0.888888888888889
Stroke,72,do(Age=Elderly),Stroke,0.06619999999999998,0.013266866746698663,0.013266866746698663,True,True,0.5714285714285715,0.888888888888889
Stroke,72,do(Smoking=Smoker),Stroke,0.11299999999999999,0.022593157262905145,0.022593157262905145,True,True,0.5714285714285715,0.888888888888889
Stroke,72,do(Atherosclerosis=Present),Stroke,0.31159999999999993,0.062348499399759894,0.062348499399759894,True,True,0.5714285714285715,0.888888888888889
Stroke,72,do(BloodClotting=Hypercoagulable),Stroke,0.289,0.05775906362545016,0.05775906362545016,True,True,0.5714285714285715,0.888888888888889
Stroke,73,do(Hypertension=High),Stroke,0.1432,0.028642737094837917,0.028642737094837917,True,True,0.888888888888889,0.888888888888889
Stroke,73,do(Age=Elderly),Stroke,0.06319999999999998,0.01262785114045617,0.01262785114045617,True,True,0.888888888888889,0.888888888888889
Stroke,73,do(Smoking=Smoker),Stroke,0.1054,0.02103085234093638,0.02103085234093638,True,True,0.888888888888889,0.888888888888889
Stroke,73,do(Atherosclerosis=Present),Stroke,0.29519999999999996,0.05897935174069627,0.05897935174069627,True,True,0.888888888888889,0.888888888888889
Stroke,73,do(BloodClotting=Hypercoagulable),Stroke,0.27640000000000003,0.055272989195678246,0.055272989195678246,True,True,0.888888888888889,0.888888888888889
Stroke,74,do(Hypertension=High),Stroke,0.15159999999999996,0.030404921968787496,0.030404921968787496,True,True,0.888888888888889,0.888888888888889
Stroke,74,do(Age=Elderly),Stroke,0.07300000000000001,0.014660744297719047,0.014660744297719047,True,True,0.888888888888889,0.888888888888889
Stroke,74,do(Smoking=Smoker),Stroke,0.1018,0.020347178871548605,0.020347178871548605,True,True,0.888888888888889,0.888888888888889
Stroke,74,do(Atherosclerosis=Present),Stroke,0.30959999999999993,0.062058583433373365,0.062058583433373365,True,True,0.888888888888889,0.888888888888889
Stroke,74,do(BloodClotting=Hypercoagulable),Stroke,0.283,0.056654621848739484,0.056654621848739484,True,True,0.888888888888889,0.888888888888889
Stroke,75,do(Hypertension=High),Stroke,0.1486,0.029773949579831954,0.029773949579831954,True,True,0.888888888888889,0.888888888888889
Stroke,75,do(Age=Elderly),Stroke,0.063,0.012645618247298929,0.012645618247298929,True,True,0.888888888888889,0.888888888888889
Stroke,75,do(Smoking=Smoker),Stroke,0.1114,0.02223745498199281,0.02223745498199281,True,True,0.888888888888889,0.888888888888889
Stroke,75,do(Atherosclerosis=Present),Stroke,0.30000000000000004,0.059985234093637485,0.059985234093637485,True,True,0.888888888888889,0.888888888888889
Stroke,75,do(BloodClotting=Hypercoagulable),Stroke,0.28459999999999996,0.056912605042016784,0.056912605042016784,True,True,0.888888888888889,0.888888888888889
Stroke,76,do(Hypertension=High),Stroke,0.14900000000000002,0.02966254501800719,0.02966254501800719,True,True,0.8000000000000002,0.8000000000000002
Stroke,76,do(Age=Elderly),Stroke,0.06880000000000003,0.01371920768307322,0.01371920768307322,True,True,0.8000000000000002,0.8000000000000002
Stroke,76,do(Smoking=Smoker),Stroke,0.10439999999999999,0.02090552220888356,0.02090552220888356,True,True,0.8000000000000002,0.8000000000000002
Stroke,76,do(Atherosclerosis=Present),Stroke,0.30160000000000003,0.06017551020408163,0.06017551020408163,True,True,0.8000000000000002,0.8000000000000002
Stroke,76,do(BloodClotting=Hypercoagulable),Stroke,0.27320000000000005,0.05463769507803118,0.05463769507803118,True,True,0.8000000000000002,0.8000000000000002
Stroke,77,do(Hypertension=High),Stroke,0.1548,0.030929411764705872,0.030929411764705872,True,True,0.888888888888889,0.888888888888889
Stroke,77,do(Age=Elderly),Stroke,0.07299999999999995,0.014569267707082834,0.014569267707082834,True,True,0.888888888888889,0.888888888888889
Stroke,77,do(Smoking=Smoker),Stroke,0.10759999999999997,0.02153553421368548,0.02153553421368548,True,True,0.888888888888889,0.888888888888889
Stroke,77,do(Atherosclerosis=Present),Stroke,0.3066,0.06135078031212485,0.06135078031212485,True,True,0.888888888888889,0.888888888888889
Stroke,77,do(BloodClotting=Hypercoagulable),Stroke,0.2794,0.055759903961584645,0.055759903961584645,True,True,0.888888888888889,0.888888888888889
Stroke,78,do(Hypertension=High),Stroke,0.15059999999999996,0.030021488595438184,0.030021488595438184,True,True,0.5,0.5
Stroke,78,do(Age=Elderly),Stroke,0.06659999999999999,0.013326290516206485,0.013326290516206485,True,True,0.5,0.5
Stroke,78,do(Smoking=Smoker),Stroke,0.10499999999999998,0.02095402160864343,0.02095402160864343,True,True,0.5,0.5
Stroke,78,do(Atherosclerosis=Present),Stroke,0.29319999999999996,0.0584797118847539,0.0584797118847539,True,True,0.5,0.5
Stroke,78,do(BloodClotting=Hypercoagulable),Stroke,0.27819999999999995,0.055564825930372125,0.055564825930372125,True,True,0.5,0.5
Stroke,79,do(Hypertension=High),Stroke,0.15000000000000002,0.03004717887154862,0.03004717887154862,True,True,0.888888888888889,0.4444444444444445
Stroke,79,do(Age=Elderly),Stroke,0.06719999999999998,0.013439255702280911,0.013439255702280911,True,True,0.888888888888889,0.4444444444444445
Stroke,79,do(Smoking=Smoker),Stroke,0.10880000000000001,0.021850420168067236,0.021850420168067236,True,True,0.888888888888889,0.4444444444444445
Stroke,79,do(Atherosclerosis=Present),Stroke,0.30979999999999996,0.06204705882352937,0.06204705882352937,True,True,0.888888888888889,0.4444444444444445
Stroke,79,do(BloodClotting=Hypercoagulable),Stroke,0.28259999999999996,0.056572148859543814,0.056572148859543814,True,True,0.888888888888889,0.4444444444444445
Stroke,80,do(Hypertension=High),Stroke,0.1498,0.02988235294117647,0.02988235294117647,True,True,0.888888888888889,0.4444444444444445
Stroke,80,do(Age=Elderly),Stroke,0.06359999999999999,0.012674549819927966,0.012674549819927966,True,True,0.888888888888889,0.4444444444444445
Stroke,80,do(Smoking=Smoker),Stroke,0.10020000000000001,0.020064345738295325,0.020064345738295325,True,True,0.888888888888889,0.4444444444444445
Stroke,80,do(Atherosclerosis=Present),Stroke,0.29519999999999996,0.05898883553421369,0.05898883553421369,True,True,0.888888888888889,0.4444444444444445
Stroke,80,do(BloodClotting=Hypercoagulable),Stroke,0.26699999999999996,0.05337803121248502,0.05337803121248502,True,True,0.888888888888889,0.4444444444444445
Stroke,81,do(Hypertension=High),Stroke,0.14179999999999998,0.02836458583433371,0.02836458583433371,True,True,0.4444444444444445,0.888888888888889
Stroke,81,do(Age=Elderly),Stroke,0.06319999999999998,0.012640216086434564,0.012640216086434564,True,True,0.4444444444444445,0.888888888888889
Stroke,81,do(Smoking=Smoker),Stroke,0.09539999999999998,0.01909147659063623,0.01909147659063623,True,True,0.4444444444444445,0.888888888888889
Stroke,81,do(Atherosclerosis=Present),Stroke,0.29179999999999995,0.058371308523409327,0.058371308523409327,True,True,0.4444444444444445,0.888888888888889
Stroke,81,do(BloodClotting=Hypercoagulable),Stroke,0.2652,0.05304657863145257,0.05304657863145257,True,True,0.4444444444444445,0.888888888888889
Stroke,82,do(Hypertension=High),Stroke,0.1482,0.029546578631452602,0.029546578631452602,True,True,0.4444444444444445,0.4444444444444445
Stroke,82,do(Age=Elderly),Stroke,0.065,0.012938415366146455,0.012938415366146455,True,True,0.4444444444444445,0.4444444444444445
Stroke,82,do(Smoking=Smoker),Stroke,0.11180000000000001,0.02230540216086438,0.02230540216086438,True,True,0.4444444444444445,0.4444444444444445
Stroke,82,do(Atherosclerosis=Present),Stroke,0.301,0.06006506602641057,0.06006506602641057,True,True,0.4444444444444445,0.4444444444444445
Stroke,82,do(BloodClotting=Hypercoagulable),Stroke,0.2788,0.05566974789915971,0.05566974789915971,True,True,0.4444444444444445,0.4444444444444445
Stroke,83,do(Hypertension=High),Stroke,0.15239999999999998,0.030435534213685472,0.030435534213685472,True,True,0.7272727272727272,0.8000000000000002
Stroke,83,do(Age=Elderly),Stroke,0.06619999999999998,0.013169507803121289,0.013169507803121289,True,True,0.7272727272727272,0.8000000000000002
Stroke,83,do(Smoking=Smoker),Stroke,0.10439999999999999,0.020831212484994033,0.020831212484994033,True,True,0.7272727272727272,0.8000000000000002
Stroke,83,do(Atherosclerosis=Present),Stroke,0.298,0.05949003601440578,0.05949003601440578,True,True,0.7272727272727272,0.8000000000000002
Stroke,83,do(BloodClotting=Hypercoagulable),Stroke,0.2674,0.05344741896758706,0.05344741896758706,True,True,0.7272727272727272,0.8000000000000002
Stroke,84,do(Hypertension=High),Stroke,0.15700000000000003,0.03139255702280913,0.03139255702280913,True,True,0.888888888888889,0.888888888888889
Stroke,84,do(Age=Elderly),Stroke,0.06860000000000005,0.013727370948379364,0.013727370948379364,True,True,0.888888888888889,0.888888888888889
Stroke,84,do(Smoking=Smoker),Stroke,0.10240000000000005,0.020412725090036027,0.020412725090036027,True,True,0.888888888888889,0.888888888888889
Stroke,84,do(Atherosclerosis=Present),Stroke,0.30900000000000005,0.06178991596638658,0.06178991596638658,True,True,0.888888888888889,0.888888888888889
Stroke,84,do(BloodClotting=Hypercoagulable),Stroke,0.27180000000000004,0.054308403361344515,0.054308403361344515,True,True,0.888888888888889,0.888888888888889
Stroke,85,do(Hypertension=High),Stroke,0.1492,0.02980720288115249,0.02980720288115249,True,True,0.888888888888889,0.888888888888889
Stroke,85,do(Age=Elderly),Stroke,0.0686,0.013683193277310934,0.013683193277310934,True,True,0.888888888888889,0.888888888888889
Stroke,85,do(Smoking=Smoker),Stroke,0.10979999999999995,0.02190828331332534,0.02190828331332534,True,True,0.888888888888889,0.888888888888889
Stroke,85,do(Atherosclerosis=Present),Stroke,0.29999999999999993,0.05990672268907565,0.05990672268907565,True,True,0.888888888888889,0.888888888888889
Stroke,85,do(BloodClotting=Hypercoagulable),Stroke,0.2824,0.056398919567827166,0.056398919567827166,True,True,0.888888888888889,0.888888888888889
Stroke,86,do(Hypertension=High),Stroke,0.1532,0.030644657863145297,0.030644657863145297,True,True,0.888888888888889,0.3636363636363636
Stroke,86,do(Age=Elderly),Stroke,0.069,0.013791596638655479,0.013791596638655479,True,True,0.888888888888889,0.3636363636363636
Stroke,86,do(Smoking=Smoker),Stroke,0.10439999999999999,0.0207762304921969,0.0207762304921969,True,True,0.888888888888889,0.3636363636363636
Stroke,86,do(Atherosclerosis=Present),Stroke,0.3042,0.06085762304921971,0.06085762304921971,True,True,0.888888888888889,0.3636363636363636
Stroke,86,do(BloodClotting=Hypercoagulable),Stroke,0.2762,0.05512040816326533,0.05512040816326533,True,True,0.888888888888889,0.3636363636363636
Stroke,87,do(Hypertension=High),Stroke,0.14679999999999999,0.029465546218487404,0.029465546218487404,True,True,0.888888888888889,0.888888888888889
Stroke,87,do(Age=Elderly),Stroke,0.07280000000000003,0.01457166866746698,0.01457166866746698,True,True,0.888888888888889,0.888888888888889
Stroke,87,do(Smoking=Smoker),Stroke,0.1048,0.020933133253301317,0.020933133253301317,True,True,0.888888888888889,0.888888888888889
Stroke,87,do(Atherosclerosis=Present),Stroke,0.3064,0.06140132052821129,0.06140132052821129,True,True,0.888888888888889,0.888888888888889
Stroke,87,do(BloodClotting=Hypercoagulable),Stroke,0.27160000000000006,0.05440216086434577,0.05440216086434577,True,True,0.888888888888889,0.888888888888889
Stroke,88,do(Hypertension=High),Stroke,0.1502,0.030096998799519825,0.030096998799519825,True,True,0.888888888888889,0.8000000000000002
Stroke,88,do(Age=Elderly),Stroke,0.06580000000000003,0.013122088835534229,0.013122088835534229,True,True,0.888888888888889,0.8000000000000002
Stroke,88,do(Smoking=Smoker),Stroke,0.10640000000000005,0.02125390156062429,0.02125390156062429,True,True,0.888888888888889,0.8000000000000002
Stroke,88,do(Atherosclerosis=Present),Stroke,0.2956,0.05920216086434571,0.05920216086434571,True,True,0.888888888888889,0.8000000000000002
Stroke,88,do(BloodClotting=Hypercoagulable),Stroke,0.27360000000000007,0.05481140456182476,0.05481140456182476,True,True,0.888888888888889,0.8000000000000002
Stroke,89,do(Hypertension=High),Stroke,0.1476,0.029450900360144056,0.029450900360144056,True,True,0.4444444444444445,0.888888888888889
Stroke,89,do(Age=Elderly),Stroke,0.06240000000000001,0.012452581032412952,0.012452581032412952,True,True,0.4444444444444445,0.888888888888889
Stroke,89,do(Smoking=Smoker),Stroke,0.10059999999999997,0.020109603841536622,0.020109603841536622,True,True,0.4444444444444445,0.888888888888889
Stroke,89,do(Atherosclerosis=Present),Stroke,0.30060000000000003,0.0600488595438175,0.0600488595438175,True,True,0.4444444444444445,0.888888888888889
Stroke,89,do(BloodClotting=Hypercoagulable),Stroke,0.2684,0.05376986794717886,0.05376986794717886,True,True,0.4444444444444445,0.888888888888889
Stroke,90,do(Hypertension=High),Stroke,0.1548,0.030941056422569002,0.030941056422569002,True,True,0.4444444444444445,0.4000000000000001
Stroke,90,do(Age=Elderly),Stroke,0.07079999999999997,0.014182833133253275,0.014182833133253275,True,True,0.4444444444444445,0.4000000000000001
Stroke,90,do(Smoking=Smoker),Stroke,0.09460000000000002,0.018953421368547413,0.018953421368547413,True,True,0.4444444444444445,0.4000000000000001
Stroke,90,do(Atherosclerosis=Present),Stroke,0.30100000000000005,0.06022484993997601,0.06022484993997601,True,True,0.4444444444444445,0.4000000000000001
Stroke,90,do(BloodClotting=Hypercoagulable),Stroke,0.2752,0.054997839135654314,0.054997839135654314,True,True,0.4444444444444445,0.4000000000000001
Stroke,91,do(Hypertension=High),Stroke,0.15460000000000002,0.03086878751500602,0.03086878751500602,True,True,0.8000000000000002,0.8000000000000002
Stroke,91,do(Age=Elderly),Stroke,0.0756,0.015167106842737116,0.015167106842737116,True,True,0.8000000000000002,0.8000000000000002
Stroke,91,do(Smoking=Smoker),Stroke,0.10520000000000002,0.021120768307322957,0.021120768307322957,True,True,0.8000000000000002,0.8000000000000002
Stroke,91,do(Atherosclerosis=Present),Stroke,0.3034,0.060725090036014395,0.060725090036014395,True,True,0.8000000000000002,0.8000000000000002
Stroke,91,do(BloodClotting=Hypercoagulable),Stroke,0.2782,0.05571608643457385,0.05571608643457385,True,True,0.8000000000000002,0.8000000000000002
Credit,42,do(Income=Low),Default,0.06,0.012012845138055228,0.012012845138055228,True,True,0.8571428571428571,0.8571428571428571
Credit,42,do(PaymentHistory=LatePay),Default,0.3559999999999999,0.07120276110444176,0.07120276110444176,True,True,0.8571428571428571,0.8571428571428571
Credit,42,do(CreditUtilization=High),Default,0.15760000000000002,0.03151908763505404,0.03151908763505404,True,True,0.8571428571428571,0.8571428571428571
Credit,42,do(DebtToIncome=High),Default,0.07599999999999996,0.015222929171668675,0.015222929171668675,True,True,0.8571428571428571,0.8571428571428571
Credit,43,do(Income=Low),Default,0.058599999999999985,0.011713325330132085,0.011713325330132085,True,True,0.8571428571428571,0.8571428571428571
Credit,43,do(PaymentHistory=LatePay),Default,0.35239999999999994,0.07048991596638657,0.07048991596638657,True,True,0.8571428571428571,0.8571428571428571
Credit,43,do(CreditUtilization=High),Default,0.16379999999999995,0.032766146458583445,0.032766146458583445,True,True,0.8571428571428571,0.8571428571428571
Credit,43,do(DebtToIncome=High),Default,0.08000000000000002,0.01598463385354143,0.01598463385354143,True,True,0.8571428571428571,0.8571428571428571
Credit,44,do(Income=Low),Default,0.062,0.01236254501800721,0.01236254501800721,True,True,0.888888888888889,0.888888888888889
Credit,44,do(PaymentHistory=LatePay),Default,0.348,0.06949795918367346,0.06949795918367346,True,True,0.888888888888889,0.888888888888889
Credit,44,do(CreditUtilization=High),Default,0.1532,0.03060348139255703,0.03060348139255703,True,True,0.888888888888889,0.888888888888889
Credit,44,do(DebtToIncome=High),Default,0.08240000000000003,0.01647370948379351,0.01647370948379351,True,True,0.888888888888889,0.888888888888889
Credit,45,do(Income=Low),Default,0.05559999999999998,0.011113325330132068,0.011113325330132068,True,True,0.8571428571428571,0.8571428571428571
Credit,45,do(PaymentHistory=LatePay),Default,0.3558,0.07115678271308526,0.07115678271308526,True,True,0.8571428571428571,0.8571428571428571
Credit,45,do(CreditUtilization=High),Default,0.16059999999999997,0.03200168067226891,0.03200168067226891,True,True,0.8571428571428571,0.8571428571428571
Credit,45,do(DebtToIncome=High),Default,0.08539999999999998,0.017109003601440548,0.017109003601440548,True,True,0.8571428571428571,0.8571428571428571
Credit,46,do(Income=Low),Default,0.06419999999999998,0.012863385354141665,0.012863385354141665,True,True,0.8571428571428571,0.8571428571428571
Credit,46,do(PaymentHistory=LatePay),Default,0.34279999999999994,0.06850852340936378,0.06850852340936378,True,True,0.8571428571428571,0.8571428571428571
Credit,46,do(CreditUtilization=High),Default,0.16699999999999998,0.03344945978391359,0.03344945978391359,True,True,0.8571428571428571,0.8571428571428571
Credit,46,do(DebtToIncome=High),Default,0.0776,0.015485714285714325,0.015485714285714325,True,True,0.8571428571428571,0.8571428571428571
Credit,47,do(Income=Low),Default,0.06040000000000001,0.01208523409363746,0.01208523409363746,True,True,0.8571428571428571,0.8571428571428571
Credit,47,do(PaymentHistory=LatePay),Default,0.35180000000000006,0.07033181272509004,0.07033181272509004,True,True,0.8571428571428571,0.8571428571428571
Credit,47,do(CreditUtilization=High),Default,0.15899999999999997,0.031784393757503,0.031784393757503,True,True,0.8571428571428571,0.8571428571428571
Credit,47,do(DebtToIncome=High),Default,0.08380000000000004,0.016761224489795917,0.016761224489795917,True,True,0.8571428571428571,0.8571428571428571
Credit,48,do(Income=Low),Default,0.05900000000000005,0.011826410564225703,0.011826410564225703,True,True,0.8571428571428571,0.8571428571428571
Credit,48,do(PaymentHistory=LatePay),Default,0.3662000000000001,0.07326422569027613,0.07326422569027613,True,True,0.8571428571428571,0.8571428571428571
Credit,48,do(CreditUtilization=High),Default,0.16200000000000003,0.03241596638655464,0.03241596638655464,True,True,0.8571428571428571,0.8571428571428571
Credit,48,do(DebtToIncome=High),Default,0.08240000000000003,0.016466506602641096,0.016466506602641096,True,True,0.8571428571428571,0.8571428571428571
Credit,49,do(Income=Low),Default,0.06159999999999999,0.012350300120048008,0.012350300120048008,True,True,0.8571428571428571,0.8571428571428571
Credit,49,do(PaymentHistory=LatePay),Default,0.35619999999999996,0.07126014405762304,0.07126014405762304,True,True,0.8571428571428571,0.8571428571428571
Credit,49,do(CreditUtilization=High),Default,0.15679999999999994,0.031382112845138005,0.031382112845138005,True,True,0.8571428571428571,0.8571428571428571
Credit,49,do(DebtToIncome=High),Default,0.08159999999999995,0.016312364945978403,0.016312364945978403,True,True,0.8571428571428571,0.8571428571428571
Credit,50,do(Income=Low),Default,0.06259999999999999,0.012504921968787497,0.012504921968787497,True,True,0.8571428571428571,0.8571428571428571
Credit,50,do(PaymentHistory=LatePay),Default,0.34419999999999995,0.06898679471788713,0.06898679471788713,True,True,0.8571428571428571,0.8571428571428571
Credit,50,do(CreditUtilization=High),Default,0.15559999999999996,0.031174549819927982,0.031174549819927982,True,True,0.8571428571428571,0.8571428571428571
Credit,50,do(DebtToIncome=High),Default,0.08199999999999996,0.016467587034813935,0.016467587034813935,True,True,0.8571428571428571,0.8571428571428571
Credit,51,do(Income=Low),Default,0.05940000000000001,0.011880672268907572,0.011880672268907572,True,True,0.8571428571428571,0.8571428571428571
Credit,51,do(PaymentHistory=LatePay),Default,0.36100000000000004,0.07225126050420166,0.07225126050420166,True,True,0.8571428571428571,0.8571428571428571
Credit,51,do(CreditUtilization=High),Default,0.15940000000000004,0.03193277310924372,0.03193277310924372,True,True,0.8571428571428571,0.8571428571428571
Credit,51,do(DebtToIncome=High),Default,0.08679999999999999,0.01737070828331333,0.01737070828331333,True,True,0.8571428571428571,0.8571428571428571
Credit,52,do(Income=Low),Default,0.055999999999999994,0.011186194477791095,0.011186194477791095,True,True,0.8571428571428571,0.8571428571428571
Credit,52,do(PaymentHistory=LatePay),Default,0.3458,0.06914273709483795,0.06914273709483795,True,True,0.8571428571428571,0.8571428571428571
Credit,52,do(CreditUtilization=High),Default,0.1532,0.030631212484994008,0.030631212484994008,True,True,0.8571428571428571,0.8571428571428571
Credit,52,do(DebtToIncome=High),Default,0.08360000000000001,0.016726650660264103,0.016726650660264103,True,True,0.8571428571428571,0.8571428571428571
Credit,53,do(Income=Low),Default,0.059599999999999986,0.011941176470588233,0.011941176470588233,True,True,0.6666666666666665,0.6666666666666665
Credit,53,do(PaymentHistory=LatePay),Default,0.346,0.06913085234093636,0.06913085234093636,True,True,0.6666666666666665,0.6666666666666665
Credit,53,do(CreditUtilization=High),Default,0.1664,0.033316446578631476,0.033316446578631476,True,True,0.6666666666666665,0.6666666666666665
Credit,53,do(DebtToIncome=High),Default,0.08460000000000001,0.016862545018007213,0.016862545018007213,True,True,0.6666666666666665,0.6666666666666665
Credit,54,do(Income=Low),Default,0.057999999999999996,0.011575990396158475,0.011575990396158475,True,True,0.8571428571428571,0.8571428571428571
Credit,54,do(PaymentHistory=LatePay),Default,0.35040000000000004,0.07000984393757506,0.07000984393757506,True,True,0.8571428571428571,0.8571428571428571
Credit,54,do(CreditUtilization=High),Default,0.15659999999999996,0.03125570228091237,0.03125570228091237,True,True,0.8571428571428571,0.8571428571428571
Credit,54,do(DebtToIncome=High),Default,0.08560000000000001,0.017135174069627862,0.017135174069627862,True,True,0.8571428571428571,0.8571428571428571
Credit,55,do(Income=Low),Default,0.06519999999999998,0.013074789915966362,0.013074789915966362,True,True,0.6666666666666665,0.6666666666666665
Credit,55,do(PaymentHistory=LatePay),Default,0.36179999999999995,0.07250432172869145,0.07250432172869145,True,True,0.6666666666666665,0.6666666666666665
Credit,55,do(CreditUtilization=High),Default,0.1708,0.03423949579831928,0.03423949579831928,True,True,0.6666666666666665,0.6666666666666665
Credit,55,do(DebtToIncome=High),Default,0.08679999999999999,0.017365066026410525,0.017365066026410525,True,True,0.6666666666666665,0.6666666666666665
Credit,56,do(Income=Low),Default,0.06180000000000002,0.012382953181272499,0.012382953181272499,True,True,0.8571428571428571,0.8571428571428571
Credit,56,do(PaymentHistory=LatePay),Default,0.3502,0.07006314525810325,0.07006314525810325,True,True,0.8571428571428571,0.8571428571428571
Credit,56,do(CreditUtilization=High),Default,0.15820000000000006,0.031675150060024,0.031675150060024,True,True,0.8571428571428571,0.8571428571428571
Credit,56,do(DebtToIncome=High),Default,0.08360000000000001,0.01669243697478992,0.01669243697478992,True,True,0.8571428571428571,0.8571428571428571
Credit,57,do(Income=Low),Default,0.05940000000000001,0.011901440576230465,0.011901440576230465,True,True,0.8571428571428571,0.8571428571428571
Credit,57,do(PaymentHistory=LatePay),Default,0.35700000000000004,0.07127671068427369,0.07127671068427369,True,True,0.8571428571428571,0.8571428571428571
Credit,57,do(CreditUtilization=High),Default,0.15099999999999997,0.030153901560624224,0.030153901560624224,True,True,0.8571428571428571,0.8571428571428571
Credit,57,do(DebtToIncome=High),Default,0.08560000000000001,0.017140096038415348,0.017140096038415348,True,True,0.8571428571428571,0.8571428571428571
Credit,58,do(Income=Low),Default,0.05840000000000001,0.011678151260504227,0.011678151260504227,True,True,0.8571428571428571,0.8571428571428571
Credit,58,do(PaymentHistory=LatePay),Default,0.34320000000000006,0.0688025210084034,0.0688025210084034,True,True,0.8571428571428571,0.8571428571428571
Credit,58,do(CreditUtilization=High),Default,0.15800000000000003,0.03170984393757503,0.03170984393757503,True,True,0.8571428571428571,0.8571428571428571
Credit,58,do(DebtToIncome=High),Default,0.0902,0.018162064825930385,0.018162064825930385,True,True,0.8571428571428571,0.8571428571428571
Credit,59,do(Income=Low),Default,0.05880000000000002,0.011746458583433372,0.011746458583433372,True,True,0.8571428571428571,0.8571428571428571
Credit,59,do(PaymentHistory=LatePay),Default,0.3366,0.06734345738295316,0.06734345738295316,True,True,0.8571428571428571,0.8571428571428571
Credit,59,do(CreditUtilization=High),Default,0.15580000000000005,0.031124729891956776,0.031124729891956776,True,True,0.8571428571428571,0.8571428571428571
Credit,59,do(DebtToIncome=High),Default,0.08220000000000005,0.016461344537815115,0.016461344537815115,True,True,0.8571428571428571,0.8571428571428571
Credit,60,do(Income=Low),Default,0.06519999999999998,0.013058463385354158,0.013058463385354158,True,True,0.8571428571428571,0.8571428571428571
Credit,60,do(PaymentHistory=LatePay),Default,0.35379999999999995,0.07085918367346936,0.07085918367346936,True,True,0.8571428571428571,0.8571428571428571
Credit,60,do(CreditUtilization=High),Default,0.16299999999999998,0.03263157262905164,0.03263157262905164,True,True,0.8571428571428571,0.8571428571428571
Credit,60,do(DebtToIncome=High),Default,0.08339999999999997,0.016721368547418985,0.016721368547418985,True,True,0.8571428571428571,0.8571428571428571
Credit,61,do(Income=Low),Default,0.061799999999999966,0.012291116446578598,0.012291116446578598,True,True,0.8571428571428571,0.8571428571428571
Credit,61,do(PaymentHistory=LatePay),Default,0.3604,0.07199711884753901,0.07199711884753901,True,True,0.8571428571428571,0.8571428571428571
Credit,61,do(CreditUtilization=High),Default,0.1668,0.03324165666266507,0.03324165666266507,True,True,0.8571428571428571,0.8571428571428571
Credit,61,do(DebtToIncome=High),Default,0.09099999999999997,0.018138055222088806,0.018138055222088806,True,True,0.8571428571428571,0.8571428571428571
Credit,62,do(Income=Low),Default,0.06360000000000005,0.012658943577430998,0.012658943577430998,True,True,0.8571428571428571,0.8571428571428571
Credit,62,do(PaymentHistory=LatePay),Default,0.3446,0.06888955582232895,0.06888955582232895,True,True,0.8571428571428571,0.8571428571428571
Credit,62,do(CreditUtilization=High),Default,0.16200000000000003,0.03239987995198082,0.03239987995198082,True,True,0.8571428571428571,0.8571428571428571
Credit,62,do(DebtToIncome=High),Default,0.08340000000000003,0.016656422569027607,0.016656422569027607,True,True,0.8571428571428571,0.8571428571428571
Credit,63,do(Income=Low),Default,0.05740000000000001,0.011467226890756299,0.011467226890756299,True,True,0.8571428571428571,0.8571428571428571
Credit,63,do(PaymentHistory=LatePay),Default,0.3728,0.07459339735894352,0.07459339735894352,True,True,0.8571428571428571,0.8571428571428571
Credit,63,do(CreditUtilization=High),Default,0.1642,0.032841296518607455,0.032841296518607455,True,True,0.8571428571428571,0.8571428571428571
Credit,63,do(DebtToIncome=High),Default,0.08560000000000001,0.017137094837935157,0.017137094837935157,True,True,0.8571428571428571,0.8571428571428571
Credit,64,do(Income=Low),Default,0.05520000000000003,0.011045018007202895,0.011045018007202895,True,True,0.8571428571428571,0.8571428571428571
Credit,64,do(PaymentHistory=LatePay),Default,0.349,0.0696733493397359,0.0696733493397359,True,True,0.8571428571428571,0.8571428571428571
Credit,64,do(CreditUtilization=High),Default,0.15100000000000002,0.03011344537815125,0.03011344537815125,True,True,0.8571428571428571,0.8571428571428571
Credit,64,do(DebtToIncome=High),Default,0.07700000000000001,0.015327250900360134,0.015327250900360134,True,True,0.8571428571428571,0.8571428571428571
Credit,65,do(Income=Low),Default,0.05980000000000002,0.011978391356542606,0.011978391356542606,True,True,0.8571428571428571,0.8571428571428571
Credit,65,do(PaymentHistory=LatePay),Default,0.348,0.06942629051620647,0.06942629051620647,True,True,0.8571428571428571,0.8571428571428571
Credit,65,do(CreditUtilization=High),Default,0.1614,0.032320168067226845,0.032320168067226845,True,True,0.8571428571428571,0.8571428571428571
Credit,65,do(DebtToIncome=High),Default,0.08580000000000004,0.01727587034813924,0.01727587034813924,True,True,0.8571428571428571,0.8571428571428571
Credit,66,do(Income=Low),Default,0.05560000000000004,0.01108547418967587,0.01108547418967587,True,True,0.888888888888889,0.888888888888889
Credit,66,do(PaymentHistory=LatePay),Default,0.35040000000000004,0.07006086434573833,0.07006086434573833,True,True,0.888888888888889,0.888888888888889
Credit,66,do(CreditUtilization=High),Default,0.15200000000000002,0.03035258103241295,0.03035258103241295,True,True,0.888888888888889,0.888888888888889
Credit,66,do(DebtToIncome=High),Default,0.07800000000000001,0.015621368547418968,0.015621368547418968,True,True,0.888888888888889,0.888888888888889
Credit,67,do(Income=Low),Default,0.059599999999999986,0.011911284513805492,0.011911284513805492,True,True,0.8571428571428571,0.8571428571428571
Credit,67,do(PaymentHistory=LatePay),Default,0.34900000000000003,0.06971956782713085,0.06971956782713085,True,True,0.8571428571428571,0.8571428571428571
Credit,67,do(CreditUtilization=High),Default,0.15919999999999995,0.03182112845138052,0.03182112845138052,True,True,0.8571428571428571,0.8571428571428571
Credit,67,do(DebtToIncome=High),Default,0.08759999999999996,0.01752352941176466,0.01752352941176466,True,True,0.8571428571428571,0.8571428571428571
Credit,68,do(Income=Low),Default,0.06220000000000003,0.012391956782713126,0.012391956782713126,True,True,0.8571428571428571,0.8571428571428571
Credit,68,do(PaymentHistory=LatePay),Default,0.3574,0.07146086434573831,0.07146086434573831,True,True,0.8571428571428571,0.8571428571428571
Credit,68,do(CreditUtilization=High),Default,0.16099999999999998,0.03218259303721491,0.03218259303721491,True,True,0.8571428571428571,0.8571428571428571
Credit,68,do(DebtToIncome=High),Default,0.07780000000000004,0.015547178871548661,0.015547178871548661,True,True,0.8571428571428571,0.8571428571428571
Credit,69,do(Income=Low),Default,0.05880000000000002,0.011767587034813926,0.011767587034813926,True,True,0.8571428571428571,0.8571428571428571
Credit,69,do(PaymentHistory=LatePay),Default,0.3414,0.06829003601440578,0.06829003601440578,True,True,0.8571428571428571,0.8571428571428571
Credit,69,do(CreditUtilization=High),Default,0.16719999999999996,0.033435534213685475,0.033435534213685475,True,True,0.8571428571428571,0.8571428571428571
Credit,69,do(DebtToIncome=High),Default,0.08440000000000003,0.01689891956782713,0.01689891956782713,True,True,0.8571428571428571,0.8571428571428571
Credit,70,do(Income=Low),Default,0.062,0.012428091236494576,0.012428091236494576,True,True,0.8571428571428571,0.8571428571428571
Credit,70,do(PaymentHistory=LatePay),Default,0.353,0.0706997599039616,0.0706997599039616,True,True,0.8571428571428571,0.8571428571428571
Credit,70,do(CreditUtilization=High),Default,0.16179999999999994,0.032419447779111626,0.032419447779111626,True,True,0.8571428571428571,0.8571428571428571
Credit,70,do(DebtToIncome=High),Default,0.0826,0.01655210084033612,0.01655210084033612,True,True,0.8571428571428571,0.8571428571428571
Credit,71,do(Income=Low),Default,0.05920000000000003,0.011823769507803117,0.011823769507803117,True,True,0.75,0.75
Credit,71,do(PaymentHistory=LatePay),Default,0.347,0.06935198079231694,0.06935198079231694,True,True,0.75,0.75
Credit,71,do(CreditUtilization=High),Default,0.1582,0.03165486194477793,0.03165486194477793,True,True,0.75,0.75
Credit,71,do(DebtToIncome=High),Default,0.08240000000000003,0.016555582232893162,0.016555582232893162,True,True,0.75,0.75
Credit,72,do(Income=Low),Default,0.06080000000000002,0.012208643457382984,0.012208643457382984,True,True,0.8571428571428571,0.8571428571428571
Credit,72,do(PaymentHistory=LatePay),Default,0.34180000000000005,0.06852448979591835,0.06852448979591835,True,True,0.8571428571428571,0.8571428571428571
Credit,72,do(CreditUtilization=High),Default,0.15440000000000004,0.03098091236494596,0.03098091236494596,True,True,0.8571428571428571,0.8571428571428571
Credit,72,do(DebtToIncome=High),Default,0.07440000000000002,0.014926890756302519,0.014926890756302519,True,True,0.8571428571428571,0.8571428571428571
Credit,73,do(Income=Low),Default,0.05960000000000004,0.011881752701080439,0.011881752701080439,True,True,0.8571428571428571,0.8571428571428571
Credit,73,do(PaymentHistory=LatePay),Default,0.3482,0.06972136854741898,0.06972136854741898,True,True,0.8571428571428571,0.8571428571428571
Credit,73,do(CreditUtilization=High),Default,0.16540000000000005,0.03309843937575027,0.03309843937575027,True,True,0.8571428571428571,0.8571428571428571
Credit,73,do(DebtToIncome=High),Default,0.08040000000000003,0.01607094837935172,0.01607094837935172,True,True,0.8571428571428571,0.8571428571428571
Credit,74,do(Income=Low),Default,0.057999999999999996,0.011594597839135662,0.011594597839135662,True,True,0.8571428571428571,0.8571428571428571
Credit,74,do(PaymentHistory=LatePay),Default,0.3558,0.07111596638655462,0.07111596638655462,True,True,0.8571428571428571,0.8571428571428571
Credit,74,do(CreditUtilization=High),Default,0.15759999999999996,0.03146290516206485,0.03146290516206485,True,True,0.8571428571428571,0.8571428571428571
Credit,74,do(DebtToIncome=High),Default,0.08439999999999998,0.01687851140456184,0.01687851140456184,True,True,0.8571428571428571,0.8571428571428571
Credit,75,do(Income=Low),Default,0.059199999999999975,0.011838055222088834,0.011838055222088834,True,True,0.8571428571428571,0.8571428571428571
Credit,75,do(PaymentHistory=LatePay),Default,0.3498,0.06991200480192078,0.06991200480192078,True,True,0.8571428571428571,0.8571428571428571
Credit,75,do(CreditUtilization=High),Default,0.1592,0.03179543817527011,0.03179543817527011,True,True,0.8571428571428571,0.8571428571428571
Credit,75,do(DebtToIncome=High),Default,0.0842,0.01676278511404561,0.01676278511404561,True,True,0.8571428571428571,0.8571428571428571
Credit,76,do(Income=Low),Default,0.06159999999999999,0.012296638655462155,0.012296638655462155,True,True,0.8571428571428571,0.8571428571428571
Credit,76,do(PaymentHistory=LatePay),Default,0.3474,0.06952412965186075,0.06952412965186075,True,True,0.8571428571428571,0.8571428571428571
Credit,76,do(CreditUtilization=High),Default,0.15799999999999997,0.03160876350540215,0.03160876350540215,True,True,0.8571428571428571,0.8571428571428571
Credit,76,do(DebtToIncome=High),Default,0.08479999999999999,0.016960744297719044,0.016960744297719044,True,True,0.8571428571428571,0.8571428571428571
Credit,77,do(Income=Low),Default,0.063,0.01258067226890755,0.01258067226890755,True,True,0.8571428571428571,0.8571428571428571
Credit,77,do(PaymentHistory=LatePay),Default,0.3422,0.06848607442977192,0.06848607442977192,True,True,0.8571428571428571,0.8571428571428571
Credit,77,do(CreditUtilization=High),Default,0.16240000000000004,0.03249723889555822,0.03249723889555822,True,True,0.8571428571428571,0.8571428571428571
Credit,77,do(DebtToIncome=High),Default,0.08340000000000003,0.016616206482593043,0.016616206482593043,True,True,0.8571428571428571,0.8571428571428571
Credit,78,do(Income=Low),Default,0.05559999999999998,0.011136254501800724,0.011136254501800724,True,True,0.8571428571428571,0.8571428571428571
Credit,78,do(PaymentHistory=LatePay),Default,0.34959999999999997,0.06985666266506602,0.06985666266506602,True,True,0.8571428571428571,0.8571428571428571
Credit,78,do(CreditUtilization=High),Default,0.1568,0.031310564225690285,0.031310564225690285,True,True,0.8571428571428571,0.8571428571428571
Credit,78,do(DebtToIncome=High),Default,0.07679999999999998,0.015324009603841504,0.015324009603841504,True,True,0.8571428571428571,0.8571428571428571
Credit,79,do(Income=Low),Default,0.06240000000000001,0.012484033613445356,0.012484033613445356,True,True,0.75,0.75
Credit,79,do(PaymentHistory=LatePay),Default,0.3478,0.06951176470588233,0.06951176470588233,True,True,0.75,0.75
Credit,79,do(CreditUtilization=High),Default,0.1542,0.030821008403361355,0.030821008403361355,True,True,0.75,0.75
Credit,79,do(DebtToIncome=High),Default,0.0756,0.015103721488595456,0.015103721488595456,True,True,0.75,0.75
Credit,80,do(Income=Low),Default,0.06180000000000002,0.012352941176470594,0.012352941176470594,True,True,0.8571428571428571,0.8571428571428571
Credit,80,do(PaymentHistory=LatePay),Default,0.35540000000000005,0.07104549819927972,0.07104549819927972,True,True,0.8571428571428571,0.8571428571428571
Credit,80,do(CreditUtilization=High),Default,0.16800000000000004,0.03364009603841536,0.03364009603841536,True,True,0.8571428571428571,0.8571428571428571
Credit,80,do(DebtToIncome=High),Default,0.07900000000000001,0.015778631452581043,0.015778631452581043,True,True,0.8571428571428571,0.8571428571428571
Credit,81,do(Income=Low),Default,0.05740000000000001,0.011484393757503014,0.011484393757503014,True,True,0.8571428571428571,0.8571428571428571
Credit,81,do(PaymentHistory=LatePay),Default,0.357,0.07138199279711882,0.07138199279711882,True,True,0.8571428571428571,0.8571428571428571
Credit,81,do(CreditUtilization=High),Default,0.15679999999999994,0.0313968787515006,0.0313968787515006,True,True,0.8571428571428571,0.8571428571428571
Credit,81,do(DebtToIncome=High),Default,0.08039999999999997,0.01602016806722692,0.01602016806722692,True,True,0.8571428571428571,0.8571428571428571
Credit,82,do(Income=Low),Default,0.059599999999999986,0.011919567827130856,0.011919567827130856,True,True,0.8571428571428571,0.8571428571428571
Credit,82,do(PaymentHistory=LatePay),Default,0.3482,0.0695123649459784,0.0695123649459784,True,True,0.8571428571428571,0.8571428571428571
Credit,82,do(CreditUtilization=High),Default,0.1578,0.031422448979591816,0.031422448979591816,True,True,0.8571428571428571,0.8571428571428571
Credit,82,do(DebtToIncome=High),Default,0.07859999999999995,0.0156998799519808,0.0156998799519808,True,True,0.8571428571428571,0.8571428571428571
Credit,83,do(Income=Low),Default,0.05619999999999997,0.011229171668667437,0.011229171668667437,True,True,0.888888888888889,0.888888888888889
Credit,83,do(PaymentHistory=LatePay),Default,0.35079999999999995,0.07004561824729891,0.07004561824729891,True,True,0.888888888888889,0.888888888888889
Credit,83,do(CreditUtilization=High),Default,0.15499999999999997,0.0310159663865546,0.0310159663865546,True,True,0.888888888888889,0.888888888888889
Credit,83,do(DebtToIncome=High),Default,0.0806,0.016098799519807916,0.016098799519807916,True,True,0.888888888888889,0.888888888888889
Credit,84,do(Income=Low),Default,0.06280000000000002,0.012560504201680645,0.012560504201680645,True,True,0.5,0.5
Credit,84,do(PaymentHistory=LatePay),Default,0.35300000000000004,0.07062100840336133,0.07062100840336133,True,True,0.5,0.5
Credit,84,do(CreditUtilization=High),Default,0.16340000000000005,0.03268283313325329,0.03268283313325329,True,True,0.5,0.5
Credit,84,do(DebtToIncome=High),Default,0.07940000000000003,0.015837695078031233,0.015837695078031233,True,True,0.5,0.5
Credit,85,do(Income=Low),Default,0.056999999999999995,0.011416926770708297,0.011416926770708297,True,True,0.888888888888889,0.888888888888889
Credit,85,do(PaymentHistory=LatePay),Default,0.34820000000000007,0.0697258103241297,0.0697258103241297,True,True,0.888888888888889,0.888888888888889
Credit,85,do(CreditUtilization=High),Default,0.1604,0.03210528211284516,0.03210528211284516,True,True,0.888888888888889,0.888888888888889
Credit,85,do(DebtToIncome=High),Default,0.08460000000000001,0.016979591836734698,0.016979591836734698,True,True,0.888888888888889,0.888888888888889
Credit,86,do(Income=Low),Default,0.058199999999999974,0.01165030012004803,0.01165030012004803,True,True,0.8571428571428571,0.8571428571428571
Credit,86,do(PaymentHistory=LatePay),Default,0.35700000000000004,0.07128859543817531,0.07128859543817531,True,True,0.8571428571428571,0.8571428571428571
Credit,86,do(CreditUtilization=High),Default,0.15860000000000002,0.03176434573829531,0.03176434573829531,True,True,0.8571428571428571,0.8571428571428571
Credit,86,do(DebtToIncome=High),Default,0.08439999999999998,0.016889195678271324,0.016889195678271324,True,True,0.8571428571428571,0.8571428571428571
Credit,87,do(Income=Low),Default,0.06580000000000003,0.013143937575030046,0.013143937575030046,True,True,0.8571428571428571,0.8571428571428571
Credit,87,do(PaymentHistory=LatePay),Default,0.36300000000000004,0.07258991596638659,0.07258991596638659,True,True,0.8571428571428571,0.8571428571428571
Credit,87,do(CreditUtilization=High),Default,0.17099999999999999,0.03419123649459785,0.03419123649459785,True,True,0.8571428571428571,0.8571428571428571
Credit,87,do(DebtToIncome=High),Default,0.08320000000000005,0.016662424969988016,0.016662424969988016,True,True,0.8571428571428571,0.8571428571428571
Credit,88,do(Income=Low),Default,0.05299999999999999,0.010567827130852359,0.010567827130852359,True,True,0.6666666666666665,0.6666666666666665
Credit,88,do(PaymentHistory=LatePay),Default,0.351,0.07031224489795918,0.07031224489795918,True,True,0.6666666666666665,0.6666666666666665
Credit,88,do(CreditUtilization=High),Default,0.15559999999999996,0.03112388955582232,0.03112388955582232,True,True,0.6666666666666665,0.6666666666666665
Credit,88,do(DebtToIncome=High),Default,0.07680000000000003,0.015356662665066051,0.015356662665066051,True,True,0.6666666666666665,0.6666666666666665
Credit,89,do(Income=Low),Default,0.06,0.012001560624249702,0.012001560624249702,True,True,0.888888888888889,0.888888888888889
Credit,89,do(PaymentHistory=LatePay),Default,0.35400000000000004,0.0708112845138055,0.0708112845138055,True,True,0.888888888888889,0.888888888888889
Credit,89,do(CreditUtilization=High),Default,0.15819999999999995,0.0316139255702281,0.0316139255702281,True,True,0.888888888888889,0.888888888888889
Credit,89,do(DebtToIncome=High),Default,0.0832,0.01660504201680671,0.01660504201680671,True,True,0.888888888888889,0.888888888888889
Credit,90,do(Income=Low),Default,0.06640000000000001,0.013346818727490994,0.013346818727490994,True,True,0.8571428571428571,0.8571428571428571
Credit,90,do(PaymentHistory=LatePay),Default,0.3496,0.06991344537815122,0.06991344537815122,True,True,0.8571428571428571,0.8571428571428571
Credit,90,do(CreditUtilization=High),Default,0.15800000000000003,0.03166206482593034,0.03166206482593034,True,True,0.8571428571428571,0.8571428571428571
Credit,90,do(DebtToIncome=High),Default,0.0842,0.016897118847539,0.016897118847539,True,True,0.8571428571428571,0.8571428571428571
Credit,91,do(Income=Low),Default,0.064,0.012846698679471774,0.012846698679471774,True,True,0.8571428571428571,0.8571428571428571
Credit,91,do(PaymentHistory=LatePay),Default,0.356,0.07109567827130855,0.07109567827130855,True,True,0.8571428571428571,0.8571428571428571
Credit,91,do(CreditUtilization=High),Default,0.16680000000000006,0.03341812725090035,0.03341812725090035,True,True,0.8571428571428571,0.8571428571428571
Credit,91,do(DebtToIncome=High),Default,0.08760000000000001,0.01750036014405762,0.01750036014405762,True,True,0.8571428571428571,0.8571428571428571
Student,42,do(PriorGPA=High),FinalGrade,0.15960000000000002,0.031901680672268895,0.031901680672268895,True,True,0.888888888888889,0.5
Student,42,do(Attendance=Good),FinalGrade,0.07119999999999999,0.014193877551020417,0.014193877551020417,True,True,0.888888888888889,0.5
Student,42,do(StudyHours=High),FinalGrade,0.10279999999999995,0.020496878751500608,0.020496878751500608,True,True,0.888888888888889,0.5
Student,42,do(FinalExamScore=Excellent),FinalGrade,0.2434,0.04861548619447781,0.04861548619447781,True,True,0.888888888888889,0.5
Student,43,do(PriorGPA=High),FinalGrade,0.1478,0.029502761104441805,0.029502761104441805,True,True,1.0,0.8571428571428571
Student,43,do(Attendance=Good),FinalGrade,0.062399999999999956,0.012518247298919594,0.012518247298919594,True,True,1.0,0.8571428571428571
Student,43,do(StudyHours=High),FinalGrade,0.10120000000000001,0.020254381752701056,0.020254381752701056,True,True,1.0,0.8571428571428571
Student,43,do(FinalExamScore=Excellent),FinalGrade,0.24159999999999998,0.04840312124849944,0.04840312124849944,True,True,1.0,0.8571428571428571
Student,44,do(PriorGPA=High),FinalGrade,0.1506,0.030049699879951958,0.030049699879951958,True,True,0.888888888888889,0.75
Student,44,do(Attendance=Good),FinalGrade,0.07439999999999997,0.014856782713085243,0.014856782713085243,True,True,0.888888888888889,0.75
Student,44,do(StudyHours=High),FinalGrade,0.10900000000000004,0.021725330132052828,0.021725330132052828,True,True,0.888888888888889,0.75
Student,44,do(FinalExamScore=Excellent),FinalGrade,0.2554,0.050999399759903946,0.050999399759903946,True,True,0.888888888888889,0.75
Student,45,do(PriorGPA=High),FinalGrade,0.15780000000000005,0.03161848739495801,0.03161848739495801,True,True,0.888888888888889,0.75
Student,45,do(Attendance=Good),FinalGrade,0.06879999999999997,0.013777310924369762,0.013777310924369762,True,True,0.888888888888889,0.75
Student,45,do(StudyHours=High),FinalGrade,0.0978,0.019573109243697456,0.019573109243697456,True,True,0.888888888888889,0.75
Student,45,do(FinalExamScore=Excellent),FinalGrade,0.24919999999999998,0.049876830732292904,0.049876830732292904,True,True,0.888888888888889,0.75
Student,46,do(PriorGPA=High),FinalGrade,0.15740000000000004,0.03150144057623053,0.03150144057623053,True,True,1.0,0.8571428571428571
Student,46,do(Attendance=Good),FinalGrade,0.07360000000000005,0.014720048019207732,0.014720048019207732,True,True,1.0,0.8571428571428571
Student,46,do(StudyHours=High),FinalGrade,0.10500000000000004,0.020975990396158495,0.020975990396158495,True,True,1.0,0.8571428571428571
Student,46,do(FinalExamScore=Excellent),FinalGrade,0.2516,0.050319687875150065,0.050319687875150065,True,True,1.0,0.8571428571428571
Student,47,do(PriorGPA=High),FinalGrade,0.14499999999999996,0.028985834333733473,0.028985834333733473,True,True,1.0,1.0
Student,47,do(Attendance=Good),FinalGrade,0.07080000000000003,0.014170948379351705,0.014170948379351705,True,True,1.0,1.0
Student,47,do(StudyHours=High),FinalGrade,0.09839999999999999,0.019636494597839116,0.019636494597839116,True,True,1.0,1.0
Student,47,do(FinalExamScore=Excellent),FinalGrade,0.24100000000000005,0.04821404561824724,0.04821404561824724,True,True,1.0,1.0
Student,48,do(PriorGPA=High),FinalGrade,0.15239999999999998,0.030434213685474193,0.030434213685474193,True,True,0.8,0.75
Student,48,do(Attendance=Good),FinalGrade,0.0706,0.01414693877551021,0.01414693877551021,True,True,0.8,0.75
Student,48,do(StudyHours=High),FinalGrade,0.10320000000000007,0.020584633853541368,0.020584633853541368,True,True,0.8,0.75
Student,48,do(FinalExamScore=Excellent),FinalGrade,0.24880000000000002,0.04972460984393759,0.04972460984393759,True,True,0.8,0.75
Student,49,do(PriorGPA=High),FinalGrade,0.15560000000000002,0.031133493397358936,0.031133493397358936,True,True,1.0,0.8571428571428571
Student,49,do(Attendance=Good),FinalGrade,0.06680000000000003,0.013369507803121267,0.013369507803121267,True,True,1.0,0.8571428571428571
Student,49,do(StudyHours=High),FinalGrade,0.09920000000000001,0.019797478991596645,0.019797478991596645,True,True,1.0,0.8571428571428571
Student,49,do(FinalExamScore=Excellent),FinalGrade,0.24500000000000005,0.04898139255702283,0.04898139255702283,True,True,1.0,0.8571428571428571
Student,50,do(PriorGPA=High),FinalGrade,0.15279999999999994,0.03052689075630255,0.03052689075630255,True,True,1.0,0.8571428571428571
Student,50,do(Attendance=Good),FinalGrade,0.07240000000000002,0.01443025210084034,0.01443025210084034,True,True,1.0,0.8571428571428571
Student,50,do(StudyHours=High),FinalGrade,0.1018,0.020277911164465784,0.020277911164465784,True,True,1.0,0.8571428571428571
Student,50,do(FinalExamScore=Excellent),FinalGrade,0.24419999999999997,0.04872617046818728,0.04872617046818728,True,True,1.0,0.8571428571428571
Student,51,do(PriorGPA=High),FinalGrade,0.14759999999999995,0.029536974789915987,0.029536974789915987,True,True,1.0,0.8571428571428571
Student,51,do(Attendance=Good),FinalGrade,0.07099999999999995,0.014208763505402122,0.014208763505402122,True,True,1.0,0.8571428571428571
Student,51,do(StudyHours=High),FinalGrade,0.10419999999999996,0.020827010804321727,0.020827010804321727,True,True,1.0,0.8571428571428571
Student,51,do(FinalExamScore=Excellent),FinalGrade,0.24760000000000004,0.04953265306122451,0.04953265306122451,True,True,1.0,0.8571428571428571
Student,52,do(PriorGPA=High),FinalGrade,0.15059999999999996,0.030127611044417746,0.030127611044417746,True,True,0.6666666666666665,0.8571428571428571
Student,52,do(Attendance=Good),FinalGrade,0.07940000000000003,0.015969267707082846,0.015969267707082846,True,True,0.6666666666666665,0.8571428571428571
Student,52,do(StudyHours=High),FinalGrade,0.09999999999999998,0.02001656662665066,0.02001656662665066,True,True,0.6666666666666665,0.8571428571428571
Student,52,do(FinalExamScore=Excellent),FinalGrade,0.24219999999999997,0.04854285714285714,0.04854285714285714,True,True,0.6666666666666665,0.8571428571428571
Student,53,do(PriorGPA=High),FinalGrade,0.1508,0.030169147659063617,0.030169147659063617,True,True,1.0,0.8571428571428571
Student,53,do(Attendance=Good),FinalGrade,0.07080000000000003,0.014172989195678276,0.014172989195678276,True,True,1.0,0.8571428571428571
Student,53,do(StudyHours=High),FinalGrade,0.09820000000000001,0.019661584633853535,0.019661584633853535,True,True,1.0,0.8571428571428571
Student,53,do(FinalExamScore=Excellent),FinalGrade,0.24720000000000003,0.049450660264105634,0.049450660264105634,True,True,1.0,0.8571428571428571
Student,54,do(PriorGPA=High),FinalGrade,0.14500000000000002,0.029020888355342084,0.029020888355342084,True,True,1.0,0.8571428571428571
Student,54,do(Attendance=Good),FinalGrade,0.07440000000000002,0.01492509003601436,0.01492509003601436,True,True,1.0,0.8571428571428571
Student,54,do(StudyHours=High),FinalGrade,0.10760000000000003,0.021526770708283266,0.021526770708283266,True,True,1.0,0.8571428571428571
Student,54,do(FinalExamScore=Excellent),FinalGrade,0.255,0.051042977190876304,0.051042977190876304,True,True,1.0,0.8571428571428571
Student,55,do(PriorGPA=High),FinalGrade,0.1456,0.02922040816326535,0.02922040816326535,True,True,0.0,0.0
Student,55,do(Attendance=Good),FinalGrade,0.06780000000000003,0.013604801920768295,0.013604801920768295,True,True,0.0,0.0
Student,55,do(StudyHours=High),FinalGrade,0.10100000000000003,0.020205762304921993,0.020205762304921993,True,True,0.0,0.0
Student,55,do(FinalExamScore=Excellent),FinalGrade,0.2414,0.04836962785114049,0.04836962785114049,True,True,0.0,0.0
Student,56,do(PriorGPA=High),FinalGrade,0.14499999999999996,0.028948859543817568,0.028948859543817568,True,True,0.888888888888889,0.5
Student,56,do(Attendance=Good),FinalGrade,0.07019999999999998,0.014082472989195682,0.014082472989195682,True,True,0.888888888888889,0.5
Student,56,do(StudyHours=High),FinalGrade,0.1054,0.02104885954381755,0.02104885954381755,True,True,0.888888888888889,0.5
Student,56,do(FinalExamScore=Excellent),FinalGrade,0.24899999999999994,0.04979987995198082,0.04979987995198082,True,True,0.888888888888889,0.5
Student,57,do(PriorGPA=High),FinalGrade,0.1502,0.030049579831932766,0.030049579831932766,True,True,1.0,0.8571428571428571
Student,57,do(Attendance=Good),FinalGrade,0.07420000000000004,0.014817527010804354,0.014817527010804354,True,True,1.0,0.8571428571428571
Student,57,do(StudyHours=High),FinalGrade,0.10040000000000004,0.020077430972388954,0.020077430972388954,True,True,1.0,0.8571428571428571
Student,57,do(FinalExamScore=Excellent),FinalGrade,0.24680000000000002,0.04931536614645862,0.04931536614645862,True,True,1.0,0.8571428571428571
Student,58,do(PriorGPA=High),FinalGrade,0.1572,0.031513685474189645,0.031513685474189645,True,True,1.0,0.8571428571428571
Student,58,do(Attendance=Good),FinalGrade,0.0706,0.014058103241296527,0.014058103241296527,True,True,1.0,0.8571428571428571
Student,58,do(StudyHours=High),FinalGrade,0.10099999999999998,0.020137094837935132,0.020137094837935132,True,True,1.0,0.8571428571428571
Student,58,do(FinalExamScore=Excellent),FinalGrade,0.24919999999999998,0.04981116446578632,0.04981116446578632,True,True,1.0,0.8571428571428571
Student,59,do(PriorGPA=High),FinalGrade,0.14479999999999993,0.028923049219687885,0.028923049219687885,True,True,1.0,0.0
Student,59,do(Attendance=Good),FinalGrade,0.0706,0.014139615846338521,0.014139615846338521,True,True,1.0,0.0
Student,59,do(StudyHours=High),FinalGrade,0.0978,0.019576110444177702,0.019576110444177702,True,True,1.0,0.0
Student,59,do(FinalExamScore=Excellent),FinalGrade,0.24619999999999997,0.04922292917166868,0.04922292917166868,True,True,1.0,0.0
Student,60,do(PriorGPA=High),FinalGrade,0.1488,0.029763985594237707,0.029763985594237707,True,True,1.0,0.8571428571428571
Student,60,do(Attendance=Good),FinalGrade,0.07060000000000005,0.014092076830732325,0.014092076830732325,True,True,1.0,0.8571428571428571
Student,60,do(StudyHours=High),FinalGrade,0.10300000000000004,0.020639495798319335,0.020639495798319335,True,True,1.0,0.8571428571428571
Student,60,do(FinalExamScore=Excellent),FinalGrade,0.25700000000000006,0.05142412965186077,0.05142412965186077,True,True,1.0,0.8571428571428571
Student,61,do(PriorGPA=High),FinalGrade,0.1532,0.03060180072028809,0.03060180072028809,True,True,1.0,0.8571428571428571
Student,61,do(Attendance=Good),FinalGrade,0.06940000000000002,0.01393649459783916,0.01393649459783916,True,True,1.0,0.8571428571428571
Student,61,do(StudyHours=High),FinalGrade,0.10319999999999996,0.020639015606242483,0.020639015606242483,True,True,1.0,0.8571428571428571
Student,61,do(FinalExamScore=Excellent),FinalGrade,0.241,0.048133733493397335,0.048133733493397335,True,True,1.0,0.8571428571428571
Student,62,do(PriorGPA=High),FinalGrade,0.1482,0.029606002400960424,0.029606002400960424,True,True,1.0,0.8571428571428571
Student,62,do(Attendance=Good),FinalGrade,0.07420000000000004,0.014786434573829554,0.014786434573829554,True,True,1.0,0.8571428571428571
Student,62,do(StudyHours=High),FinalGrade,0.10420000000000007,0.020795678271308543,0.020795678271308543,True,True,1.0,0.8571428571428571
Student,62,do(FinalExamScore=Excellent),FinalGrade,0.24840000000000007,0.049527490996398554,0.049527490996398554,True,True,1.0,0.8571428571428571
Student,63,do(PriorGPA=High),FinalGrade,0.15560000000000002,0.031160024009603826,0.031160024009603826,True,True,0.888888888888889,0.0
Student,63,do(Attendance=Good),FinalGrade,0.07680000000000003,0.01534393757502997,0.01534393757502997,True,True,0.888888888888889,0.0
Student,63,do(StudyHours=High),FinalGrade,0.10959999999999998,0.02191956782713081,0.02191956782713081,True,True,0.888888888888889,0.0
Student,63,do(FinalExamScore=Excellent),FinalGrade,0.25300000000000006,0.050642376950780305,0.050642376950780305,True,True,0.888888888888889,0.0
Student,64,do(PriorGPA=High),FinalGrade,0.15859999999999996,0.03173841536614644,0.03173841536614644,True,True,1.0,0.8571428571428571
Student,64,do(Attendance=Good),FinalGrade,0.07340000000000002,0.014670348139255718,0.014670348139255718,True,True,1.0,0.8571428571428571
Student,64,do(StudyHours=High),FinalGrade,0.09919999999999995,0.019796158463385366,0.019796158463385366,True,True,1.0,0.8571428571428571
Student,64,do(FinalExamScore=Excellent),FinalGrade,0.23939999999999995,0.04788283313325328,0.04788283313325328,True,True,1.0,0.8571428571428571
Student,65,do(PriorGPA=High),FinalGrade,0.1442,0.028896158463385363,0.028896158463385363,True,True,0.888888888888889,0.0
Student,65,do(Attendance=Good),FinalGrade,0.07040000000000002,0.014133013205282097,0.014133013205282097,True,True,0.888888888888889,0.0
Student,65,do(StudyHours=High),FinalGrade,0.1028,0.020538055222088847,0.020538055222088847,True,True,0.888888888888889,0.0
Student,65,do(FinalExamScore=Excellent),FinalGrade,0.23940000000000006,0.047862184873949526,0.047862184873949526,True,True,0.888888888888889,0.0
Student,66,do(PriorGPA=High),FinalGrade,0.15539999999999998,0.03108211284513801,0.03108211284513801,True,True,1.0,0.0
Student,66,do(Attendance=Good),FinalGrade,0.07479999999999998,0.014990636254501755,0.014990636254501755,True,True,1.0,0.0
Student,66,do(StudyHours=High),FinalGrade,0.09819999999999995,0.019659783913565404,0.019659783913565404,True,True,1.0,0.0
Student,66,do(FinalExamScore=Excellent),FinalGrade,0.25,0.050068907563025206,0.050068907563025206,True,True,1.0,0.0
Student,67,do(PriorGPA=High),FinalGrade,0.14299999999999996,0.028529771908763518,0.028529771908763518,True,True,0.888888888888889,0.75
Student,67,do(Attendance=Good),FinalGrade,0.06780000000000003,0.013547659063625456,0.013547659063625456,True,True,0.888888888888889,0.75
Student,67,do(StudyHours=High),FinalGrade,0.09339999999999998,0.018660024009603843,0.018660024009603843,True,True,0.888888888888889,0.75
Student,67,do(FinalExamScore=Excellent),FinalGrade,0.23200000000000004,0.04635714285714285,0.04635714285714285,True,True,0.888888888888889,0.75
Student,68,do(PriorGPA=High),FinalGrade,0.14960000000000007,0.029929771908763503,0.029929771908763503,True,True,1.0,0.5
Student,68,do(Attendance=Good),FinalGrade,0.06820000000000004,0.0136583433373349,0.0136583433373349,True,True,1.0,0.5
Student,68,do(StudyHours=High),FinalGrade,0.09760000000000002,0.019487034813925552,0.019487034813925552,True,True,1.0,0.5
Student,68,do(FinalExamScore=Excellent),FinalGrade,0.23940000000000006,0.04789783913565421,0.04789783913565421,True,True,1.0,0.5
Student,69,do(PriorGPA=High),FinalGrade,0.15439999999999998,0.03078499399759904,0.03078499399759904,True,True,1.0,0.8571428571428571
Student,69,do(Attendance=Good),FinalGrade,0.06340000000000001,0.012679711884753891,0.012679711884753891,True,True,1.0,0.8571428571428571
Student,69,do(StudyHours=High),FinalGrade,0.09799999999999998,0.019642136854741893,0.019642136854741893,True,True,1.0,0.8571428571428571
Student,69,do(FinalExamScore=Excellent),FinalGrade,0.24160000000000004,0.048241176470588204,0.048241176470588204,True,True,1.0,0.8571428571428571
Student,70,do(PriorGPA=High),FinalGrade,0.1456,0.029211764705882326,0.029211764705882326,True,True,1.0,0.8571428571428571
Student,70,do(Attendance=Good),FinalGrade,0.07319999999999999,0.014624609843937542,0.014624609843937542,True,True,1.0,0.8571428571428571
Student,70,do(StudyHours=High),FinalGrade,0.09580000000000005,0.01921692677070827,0.01921692677070827,True,True,1.0,0.8571428571428571
Student,70,do(FinalExamScore=Excellent),FinalGrade,0.2404,0.04812737094837935,0.04812737094837935,True,True,1.0,0.8571428571428571
Student,71,do(PriorGPA=High),FinalGrade,0.15679999999999994,0.03140600240096042,0.03140600240096042,True,True,0.888888888888889,0.75
Student,71,do(Attendance=Good),FinalGrade,0.07340000000000002,0.014708523409363766,0.014708523409363766,True,True,0.888888888888889,0.75
Student,71,do(StudyHours=High),FinalGrade,0.10639999999999994,0.021240216086434616,0.021240216086434616,True,True,0.888888888888889,0.75
Student,71,do(FinalExamScore=Excellent),FinalGrade,0.24639999999999995,0.04922184873949581,0.04922184873949581,True,True,0.888888888888889,0.75
Student,72,do(PriorGPA=High),FinalGrade,0.1422,0.028391596638655453,0.028391596638655453,True,True,1.0,0.8571428571428571
Student,72,do(Attendance=Good),FinalGrade,0.07040000000000002,0.014148259303721517,0.014148259303721517,True,True,1.0,0.8571428571428571
Student,72,do(StudyHours=High),FinalGrade,0.1018,0.020345258103241337,0.020345258103241337,True,True,1.0,0.8571428571428571
Student,72,do(FinalExamScore=Excellent),FinalGrade,0.2522,0.050455102040816324,0.050455102040816324,True,True,1.0,0.8571428571428571
Student,73,do(PriorGPA=High),FinalGrade,0.15860000000000007,0.031701320528211285,0.031701320528211285,True,True,1.0,0.8571428571428571
Student,73,do(Attendance=Good),FinalGrade,0.06540000000000001,0.013066146458583422,0.013066146458583422,True,True,1.0,0.8571428571428571
Student,73,do(StudyHours=High),FinalGrade,0.10020000000000007,0.020033733493397377,0.020033733493397377,True,True,1.0,0.8571428571428571
Student,73,do(FinalExamScore=Excellent),FinalGrade,0.24819999999999998,0.049678151260504205,0.049678151260504205,True,True,1.0,0.8571428571428571
Student,74,do(PriorGPA=High),FinalGrade,0.15059999999999996,0.03015642256902759,0.03015642256902759,True,True,0.888888888888889,0.75
Student,74,do(Attendance=Good),FinalGrade,0.07440000000000002,0.01487370948379349,0.01487370948379349,True,True,0.888888888888889,0.75
Student,74,do(StudyHours=High),FinalGrade,0.10660000000000003,0.021330132052821138,0.021330132052821138,True,True,0.888888888888889,0.75
Student,74,do(FinalExamScore=Excellent),FinalGrade,0.25680000000000003,0.05137154861944776,0.05137154861944776,True,True,0.888888888888889,0.75
Student,75,do(PriorGPA=High),FinalGrade,0.1506,0.030093517406962755,0.030093517406962755,True,True,1.0,0.8571428571428571
Student,75,do(Attendance=Good),FinalGrade,0.06739999999999996,0.013435894357743089,0.013435894357743089,True,True,1.0,0.8571428571428571
Student,75,do(StudyHours=High),FinalGrade,0.10020000000000001,0.020049939975990416,0.020049939975990416,True,True,1.0,0.8571428571428571
Student,75,do(FinalExamScore=Excellent),FinalGrade,0.24620000000000003,0.049217767106842725,0.049217767106842725,True,True,1.0,0.8571428571428571
Student,76,do(PriorGPA=High),FinalGrade,0.1488,0.029844417767106862,0.029844417767106862,True,True,1.0,1.0
Student,76,do(Attendance=Good),FinalGrade,0.06960000000000005,0.01391200480192073,0.01391200480192073,True,True,1.0,1.0
Student,76,do(StudyHours=High),FinalGrade,0.09880000000000005,0.019778271308523415,0.019778271308523415,True,True,1.0,1.0
Student,76,do(FinalExamScore=Excellent),FinalGrade,0.24500000000000005,0.049003721488595414,0.049003721488595414,True,True,1.0,1.0
Student,77,do(PriorGPA=High),FinalGrade,0.14539999999999997,0.0290418967587035,0.0290418967587035,True,True,1.0,0.8571428571428571
Student,77,do(Attendance=Good),FinalGrade,0.07040000000000002,0.014093157262905165,0.014093157262905165,True,True,1.0,0.8571428571428571
Student,77,do(StudyHours=High),FinalGrade,0.10499999999999998,0.02098511404561823,0.02098511404561823,True,True,1.0,0.8571428571428571
Student,77,do(FinalExamScore=Excellent),FinalGrade,0.24060000000000004,0.04806254501800722,0.04806254501800722,True,True,1.0,0.8571428571428571
Student,78,do(PriorGPA=High),FinalGrade,0.15039999999999998,0.030058343337334953,0.030058343337334953,True,True,0.6666666666666666,0.0
Student,78,do(Attendance=Good),FinalGrade,0.06479999999999997,0.012935534213685485,0.012935534213685485,True,True,0.6666666666666666,0.0
Student,78,do(StudyHours=High),FinalGrade,0.09179999999999999,0.018346338535414147,0.018346338535414147,True,True,0.6666666666666666,0.0
Student,78,do(FinalExamScore=Excellent),FinalGrade,0.24559999999999993,0.04907190876350542,0.04907190876350542,True,True,0.6666666666666666,0.0
Student,79,do(PriorGPA=High),FinalGrade,0.15080000000000005,0.030115006002400968,0.030115006002400968,True,True,1.0,0.8571428571428571
Student,79,do(Attendance=Good),FinalGrade,0.06620000000000004,0.013243457382953183,0.013243457382953183,True,True,1.0,0.8571428571428571
Student,79,do(StudyHours=High),FinalGrade,0.0948,0.01894681872749096,0.01894681872749096,True,True,1.0,0.8571428571428571
Student,79,do(FinalExamScore=Excellent),FinalGrade,0.24939999999999996,0.04987539015606243,0.04987539015606243,True,True,1.0,0.8571428571428571
Student,80,do(PriorGPA=High),FinalGrade,0.14520000000000005,0.02900204081632654,0.02900204081632654,True,True,1.0,0.8571428571428571
Student,80,do(Attendance=Good),FinalGrade,0.07119999999999999,0.014260984393757503,0.014260984393757503,True,True,1.0,0.8571428571428571
Student,80,do(StudyHours=High),FinalGrade,0.09959999999999997,0.019941056422568992,0.019941056422568992,True,True,1.0,0.8571428571428571
Student,80,do(FinalExamScore=Excellent),FinalGrade,0.2486,0.04980744297719086,0.04980744297719086,True,True,1.0,0.8571428571428571
Student,81,do(PriorGPA=High),FinalGrade,0.14579999999999999,0.02911992797118848,0.02911992797118848,True,True,0.6666666666666665,0.0
Student,81,do(Attendance=Good),FinalGrade,0.07300000000000001,0.014621608643457379,0.014621608643457379,True,True,0.6666666666666665,0.0
Student,81,do(StudyHours=High),FinalGrade,0.10179999999999995,0.02033349339735893,0.02033349339735893,True,True,0.6666666666666665,0.0
Student,81,do(FinalExamScore=Excellent),FinalGrade,0.25199999999999995,0.050312124849939965,0.050312124849939965,True,True,0.6666666666666665,0.0
Student,82,do(PriorGPA=High),FinalGrade,0.1522,0.030466506602641052,0.030466506602641052,True,True,0.888888888888889,0.75
Student,82,do(Attendance=Good),FinalGrade,0.07440000000000002,0.0148396158463385,0.0148396158463385,True,True,0.888888888888889,0.75
Student,82,do(StudyHours=High),FinalGrade,0.10719999999999996,0.02148391356542617,0.02148391356542617,True,True,0.888888888888889,0.75
Student,82,do(FinalExamScore=Excellent),FinalGrade,0.24159999999999993,0.04828811524609844,0.04828811524609844,True,True,0.888888888888889,0.75
Student,83,do(PriorGPA=High),FinalGrade,0.14599999999999996,0.029233013205282155,0.029233013205282155,True,True,0.75,0.75
Student,83,do(Attendance=Good),FinalGrade,0.07119999999999999,0.014220528211284528,0.014220528211284528,True,True,0.75,0.75
Student,83,do(StudyHours=High),FinalGrade,0.09700000000000003,0.019418727490996407,0.019418727490996407,True,True,0.75,0.75
Student,83,do(FinalExamScore=Excellent),FinalGrade,0.2404,0.04807442977190879,0.04807442977190879,True,True,0.75,0.75
Student,84,do(PriorGPA=High),FinalGrade,0.1518,0.030360264105642243,0.030360264105642243,True,True,0.888888888888889,0.75
Student,84,do(Attendance=Good),FinalGrade,0.07200000000000001,0.014320648259303764,0.014320648259303764,True,True,0.888888888888889,0.75
Student,84,do(StudyHours=High),FinalGrade,0.10039999999999999,0.020027851140456188,0.020027851140456188,True,True,0.888888888888889,0.75
Student,84,do(FinalExamScore=Excellent),FinalGrade,0.24799999999999994,0.049509963985594235,0.049509963985594235,True,True,0.888888888888889,0.75
Student,85,do(PriorGPA=High),FinalGrade,0.14740000000000003,0.029548499399759898,0.029548499399759898,True,True,1.0,0.8571428571428571
Student,85,do(Attendance=Good),FinalGrade,0.07200000000000001,0.014354381752701095,0.014354381752701095,True,True,1.0,0.8571428571428571
Student,85,do(StudyHours=High),FinalGrade,0.1054,0.021086434573829582,0.021086434573829582,True,True,1.0,0.8571428571428571
Student,85,do(FinalExamScore=Excellent),FinalGrade,0.2486,0.04968163265306119,0.04968163265306119,True,True,1.0,0.8571428571428571
Student,86,do(PriorGPA=High),FinalGrade,0.15400000000000003,0.030635054021608626,0.030635054021608626,True,True,0.888888888888889,0.75
Student,86,do(Attendance=Good),FinalGrade,0.06979999999999997,0.01392677070828327,0.01392677070828327,True,True,0.888888888888889,0.75
Student,86,do(StudyHours=High),FinalGrade,0.10540000000000005,0.02096830732292912,0.02096830732292912,True,True,0.888888888888889,0.75
Student,86,do(FinalExamScore=Excellent),FinalGrade,0.25360000000000005,0.05056206482593034,0.05056206482593034,True,True,0.888888888888889,0.75
Student,87,do(PriorGPA=High),FinalGrade,0.1592,0.031904441776710646,0.031904441776710646,True,True,1.0,0.0
Student,87,do(Attendance=Good),FinalGrade,0.06740000000000002,0.013442376950780321,0.013442376950780321,True,True,1.0,0.0
Student,87,do(StudyHours=High),FinalGrade,0.10199999999999998,0.020416566626650617,0.020416566626650617,True,True,1.0,0.0
Student,87,do(FinalExamScore=Excellent),FinalGrade,0.24839999999999995,0.049617527010804297,0.049617527010804297,True,True,1.0,0.0
Student,88,do(PriorGPA=High),FinalGrade,0.14999999999999997,0.02998331332533008,0.02998331332533008,True,True,0.6666666666666665,0.0
Student,88,do(Attendance=Good),FinalGrade,0.06519999999999998,0.013076110444177641,0.013076110444177641,True,True,0.6666666666666665,0.0
Student,88,do(StudyHours=High),FinalGrade,0.09859999999999997,0.01979267707082835,0.01979267707082835,True,True,0.6666666666666665,0.0
Student,88,do(FinalExamScore=Excellent),FinalGrade,0.23920000000000002,0.047974669867947156,0.047974669867947156,True,True,0.6666666666666665,0.0
Student,89,do(PriorGPA=High),FinalGrade,0.1582,0.03154885954381753,0.03154885954381753,True,True,0.888888888888889,0.75
Student,89,do(Attendance=Good),FinalGrade,0.07040000000000002,0.014093517406962797,0.014093517406962797,True,True,0.888888888888889,0.75
Student,89,do(StudyHours=High),FinalGrade,0.09860000000000002,0.019716206482593035,0.019716206482593035,True,True,0.888888888888889,0.75
Student,89,do(FinalExamScore=Excellent),FinalGrade,0.24280000000000002,0.048514765906362556,0.048514765906362556,True,True,0.888888888888889,0.75
Student,90,do(PriorGPA=High),FinalGrade,0.15140000000000003,0.03026566626650659,0.03026566626650659,True,True,1.0,0.8571428571428571
Student,90,do(Attendance=Good),FinalGrade,0.06780000000000003,0.013525090036014431,0.013525090036014431,True,True,1.0,0.8571428571428571
Student,90,do(StudyHours=High),FinalGrade,0.09639999999999999,0.019209843937575077,0.019209843937575077,True,True,1.0,0.8571428571428571
Student,90,do(FinalExamScore=Excellent),FinalGrade,0.24200000000000005,0.04830948379351743,0.04830948379351743,True,True,1.0,0.8571428571428571
Student,91,do(PriorGPA=High),FinalGrade,0.15900000000000003,0.0318050420168067,0.0318050420168067,True,True,0.888888888888889,0.75
Student,91,do(Attendance=Good),FinalGrade,0.0716,0.014317166866746694,0.014317166866746694,True,True,0.888888888888889,0.75
Student,91,do(StudyHours=High),FinalGrade,0.10160000000000002,0.02032016806722689,0.02032016806722689,True,True,0.888888888888889,0.75
Student,91,do(FinalExamScore=Excellent),FinalGrade,0.25659999999999994,0.05130408163265307,0.05130408163265307,True,True,0.888888888888889,0.75
Vaccine,42,do(Vaccination=Vaccinated),Immunity,0.21819999999999995,0.04356026410564226,0.04356026410564226,True,True,1.0,1.0
Vaccine,42,do(ImmuneHealth=Strong),Immunity,0.02180000000000004,0.004388955582232873,0.004388955582232873,True,True,1.0,1.0
Vaccine,42,do(AntibodyResponse=High),Immunity,0.2662,0.05320312124849938,0.05320312124849938,True,True,1.0,1.0
Vaccine,43,do(Vaccination=Vaccinated),Immunity,0.21760000000000002,0.04356806722689069,0.04356806722689069,True,True,1.0,1.0
Vaccine,43,do(ImmuneHealth=Strong),Immunity,0.020199999999999996,0.004040456182473007,0.004040456182473007,True,True,1.0,1.0
Vaccine,43,do(AntibodyResponse=High),Immunity,0.26339999999999997,0.05273733493397356,0.05273733493397356,True,True,1.0,1.0
Vaccine,44,do(Vaccination=Vaccinated),Immunity,0.2198,0.04388679471788717,0.04388679471788717,True,True,1.0,1.0
Vaccine,44,do(ImmuneHealth=Strong),Immunity,0.022199999999999998,0.004455942376950794,0.004455942376950794,True,True,1.0,1.0
Vaccine,44,do(AntibodyResponse=High),Immunity,0.26660000000000006,0.05328319327731093,0.05328319327731093,True,True,1.0,1.0
Vaccine,45,do(Vaccination=Vaccinated),Immunity,0.21120000000000005,0.042318487394958,0.042318487394958,True,True,1.0,1.0
Vaccine,45,do(ImmuneHealth=Strong),Immunity,0.021199999999999997,0.004269987995198066,0.004269987995198066,True,True,1.0,1.0
Vaccine,45,do(AntibodyResponse=High),Immunity,0.26060000000000005,0.052192677070828336,0.052192677070828336,True,True,1.0,1.0
Vaccine,46,do(Vaccination=Vaccinated),Immunity,0.20899999999999996,0.04189399759903961,0.04189399759903961,True,True,1.0,1.0
Vaccine,46,do(ImmuneHealth=Strong),Immunity,0.022599999999999953,0.00452436974789916,0.00452436974789916,True,True,1.0,1.0
Vaccine,46,do(AntibodyResponse=High),Immunity,0.2642,0.05288079231692677,0.05288079231692677,True,True,1.0,1.0
Vaccine,47,do(Vaccination=Vaccinated),Immunity,0.22019999999999995,0.044047178871548576,0.044047178871548576,True,True,1.0,1.0
Vaccine,47,do(ImmuneHealth=Strong),Immunity,0.021399999999999975,0.004275630252100843,0.004275630252100843,True,True,1.0,1.0
Vaccine,47,do(AntibodyResponse=High),Immunity,0.26739999999999997,0.05348703481392558,0.05348703481392558,True,True,1.0,1.0
Vaccine,48,do(Vaccination=Vaccinated),Immunity,0.21320000000000006,0.04264693877551018,0.04264693877551018,True,True,0.0,0.0
Vaccine,48,do(ImmuneHealth=Strong),Immunity,0.01880000000000004,0.003773589435774327,0.003773589435774327,True,True,0.0,0.0
Vaccine,48,do(AntibodyResponse=High),Immunity,0.257,0.05142436974789916,0.05142436974789916,True,True,0.0,0.0
Vaccine,49,do(Vaccination=Vaccinated),Immunity,0.22899999999999998,0.0458091236494598,0.0458091236494598,True,True,0.8571428571428571,0.8571428571428571
Vaccine,49,do(ImmuneHealth=Strong),Immunity,0.022399999999999975,0.004454621848739515,0.004454621848739515,True,True,0.8571428571428571,0.8571428571428571
Vaccine,49,do(AntibodyResponse=High),Immunity,0.27360000000000007,0.05468559423769512,0.05468559423769512,True,True,0.8571428571428571,0.8571428571428571
Vaccine,50,do(Vaccination=Vaccinated),Immunity,0.21660000000000001,0.04328271308523407,0.04328271308523407,True,True,0.8571428571428571,0.8571428571428571
Vaccine,50,do(ImmuneHealth=Strong),Immunity,0.019000000000000017,0.003794357743097221,0.003794357743097221,True,True,0.8571428571428571,0.8571428571428571
Vaccine,50,do(AntibodyResponse=High),Immunity,0.2604000000000001,0.051995918367346905,0.051995918367346905,True,True,0.8571428571428571,0.8571428571428571
Vaccine,51,do(Vaccination=Vaccinated),Immunity,0.2258,0.045221248499399735,0.045221248499399735,True,True,0.0,0.0
Vaccine,51,do(ImmuneHealth=Strong),Immunity,0.0252,0.005038655462184849,0.005038655462184849,True,True,0.0,0.0
Vaccine,51,do(AntibodyResponse=High),Immunity,0.2692,0.05390960384153659,0.05390960384153659,True,True,0.0,0.0
Vaccine,52,do(Vaccination=Vaccinated),Immunity,0.21140000000000003,0.04225450180072038,0.04225450180072038,True,True,1.0,1.0
Vaccine,52,do(ImmuneHealth=Strong),Immunity,0.02180000000000004,0.004388475390156105,0.004388475390156105,True,True,1.0,1.0
Vaccine,52,do(AntibodyResponse=High),Immunity,0.25680000000000003,0.05136038415366151,0.05136038415366151,True,True,1.0,1.0
Vaccine,53,do(Vaccination=Vaccinated),Immunity,0.21840000000000004,0.043725690276110424,0.043725690276110424,True,True,1.0,1.0
Vaccine,53,do(ImmuneHealth=Strong),Immunity,0.022600000000000064,0.004525090036014395,0.004525090036014395,True,True,1.0,1.0
Vaccine,53,do(AntibodyResponse=High),Immunity,0.27180000000000004,0.054408883553421356,0.054408883553421356,True,True,1.0,1.0
Vaccine,54,do(Vaccination=Vaccinated),Immunity,0.20940000000000003,0.041837334933973624,0.041837334933973624,True,True,1.0,1.0
Vaccine,54,do(ImmuneHealth=Strong),Immunity,0.020199999999999996,0.004043817527010829,0.004043817527010829,True,True,1.0,1.0
Vaccine,54,do(AntibodyResponse=High),Immunity,0.255,0.05094897959183681,0.05094897959183681,True,True,1.0,1.0
Vaccine,55,do(Vaccination=Vaccinated),Immunity,0.22060000000000002,0.044104561824729854,0.044104561824729854,True,True,1.0,1.0
Vaccine,55,do(ImmuneHealth=Strong),Immunity,0.023800000000000043,0.004765066026410553,0.004765066026410553,True,True,1.0,1.0
Vaccine,55,do(AntibodyResponse=High),Immunity,0.26880000000000004,0.05370792316926773,0.05370792316926773,True,True,1.0,1.0
Vaccine,56,do(Vaccination=Vaccinated),Immunity,0.21960000000000002,0.04389675870348145,0.04389675870348145,True,True,1.0,1.0
Vaccine,56,do(ImmuneHealth=Strong),Immunity,0.018400000000000083,0.0036986794717887295,0.0036986794717887295,True,True,1.0,1.0
Vaccine,56,do(AntibodyResponse=High),Immunity,0.263,0.05255918367346937,0.05255918367346937,True,True,1.0,1.0
Vaccine,57,do(Vaccination=Vaccinated),Immunity,0.21199999999999997,0.042358703481392534,0.042358703481392534,True,True,0.8571428571428571,0.8571428571428571
Vaccine,57,do(ImmuneHealth=Strong),Immunity,0.020000000000000018,0.003992196878751519,0.003992196878751519,True,True,0.8571428571428571,0.8571428571428571
Vaccine,57,do(AntibodyResponse=High),Immunity,0.25660000000000005,0.05132412965186073,0.05132412965186073,True,True,0.8571428571428571,0.8571428571428571
Vaccine,58,do(Vaccination=Vaccinated),Immunity,0.22340000000000004,0.04459399759903965,0.04459399759903965,True,True,1.0,1.0
Vaccine,58,do(ImmuneHealth=Strong),Immunity,0.02080000000000004,0.00418271308523413,0.00418271308523413,True,True,1.0,1.0
Vaccine,58,do(AntibodyResponse=High),Immunity,0.2722,0.05433553421368553,0.05433553421368553,True,True,1.0,1.0
Vaccine,59,do(Vaccination=Vaccinated),Immunity,0.2098,0.041993157262905145,0.041993157262905145,True,True,1.0,1.0
Vaccine,59,do(ImmuneHealth=Strong),Immunity,0.0232,0.004641176470588232,0.004641176470588232,True,True,1.0,1.0
Vaccine,59,do(AntibodyResponse=High),Immunity,0.26080000000000003,0.05217202881152461,0.05217202881152461,True,True,1.0,1.0
Vaccine,60,do(Vaccination=Vaccinated),Immunity,0.20900000000000007,0.04185762304921967,0.04185762304921967,True,True,1.0,1.0
Vaccine,60,do(ImmuneHealth=Strong),Immunity,0.01980000000000004,0.003947178871548607,0.003947178871548607,True,True,1.0,1.0
Vaccine,60,do(AntibodyResponse=High),Immunity,0.25980000000000003,0.05197935174069632,0.05197935174069632,True,True,1.0,1.0
Vaccine,61,do(Vaccination=Vaccinated),Immunity,0.22160000000000002,0.044314885954381794,0.044314885954381794,True,True,1.0,1.0
Vaccine,61,do(ImmuneHealth=Strong),Immunity,0.022399999999999975,0.004475150060023997,0.004475150060023997,True,True,1.0,1.0
Vaccine,61,do(AntibodyResponse=High),Immunity,0.27380000000000004,0.054781992797118845,0.054781992797118845,True,True,1.0,1.0
Vaccine,62,do(Vaccination=Vaccinated),Immunity,0.21100000000000008,0.04221308523409359,0.04221308523409359,True,True,0.8571428571428571,0.8571428571428571
Vaccine,62,do(ImmuneHealth=Strong),Immunity,0.0242,0.004848979591836722,0.004848979591836722,True,True,0.8571428571428571,0.8571428571428571
Vaccine,62,do(AntibodyResponse=High),Immunity,0.2562,0.051264345738295275,0.051264345738295275,True,True,0.8571428571428571,0.8571428571428571
Vaccine,63,do(Vaccination=Vaccinated),Immunity,0.2128,0.04260540216086428,0.04260540216086428,True,True,0.0,0.0
Vaccine,63,do(ImmuneHealth=Strong),Immunity,0.016799999999999926,0.0033609843937574824,0.0033609843937574824,True,True,0.0,0.0
Vaccine,63,do(AntibodyResponse=High),Immunity,0.25539999999999996,0.05114621848739492,0.05114621848739492,True,True,0.0,0.0
Vaccine,64,do(Vaccination=Vaccinated),Immunity,0.21339999999999992,0.04271296518607445,0.04271296518607445,True,True,1.0,1.0
Vaccine,64,do(ImmuneHealth=Strong),Immunity,0.01979999999999993,0.003982713085234124,0.003982713085234124,True,True,1.0,1.0
Vaccine,64,do(AntibodyResponse=High),Immunity,0.26759999999999995,0.053601200480192096,0.053601200480192096,True,True,1.0,1.0
Vaccine,65,do(Vaccination=Vaccinated),Immunity,0.22819999999999996,0.045629891956782714,0.045629891956782714,True,True,0.0,0.0
Vaccine,65,do(ImmuneHealth=Strong),Immunity,0.02179999999999993,0.004336134453781532,0.004336134453781532,True,True,0.0,0.0
Vaccine,65,do(AntibodyResponse=High),Immunity,0.2752,0.055049339735894404,0.055049339735894404,True,True,0.0,0.0
Vaccine,66,do(Vaccination=Vaccinated),Immunity,0.21600000000000008,0.04318739495798318,0.04318739495798318,True,True,1.0,1.0
Vaccine,66,do(ImmuneHealth=Strong),Immunity,0.02200000000000002,0.004414645858343363,0.004414645858343363,True,True,1.0,1.0
Vaccine,66,do(AntibodyResponse=High),Immunity,0.26480000000000004,0.052912004801920764,0.052912004801920764,True,True,1.0,1.0
Vaccine,67,do(Vaccination=Vaccinated),Immunity,0.2146,0.04299507803121247,0.04299507803121247,True,True,1.0,1.0
Vaccine,67,do(ImmuneHealth=Strong),Immunity,0.020400000000000085,0.004062064825930328,0.004062064825930328,True,True,1.0,1.0
Vaccine,67,do(AntibodyResponse=High),Immunity,0.26080000000000003,0.052201920768307236,0.052201920768307236,True,True,1.0,1.0
Vaccine,68,do(Vaccination=Vaccinated),Immunity,0.21540000000000004,0.0430893157262906,0.0430893157262906,True,True,1.0,1.0
Vaccine,68,do(ImmuneHealth=Strong),Immunity,0.022199999999999998,0.004434933973589489,0.004434933973589489,True,True,1.0,1.0
Vaccine,68,do(AntibodyResponse=High),Immunity,0.263,0.05258859543817529,0.05258859543817529,True,True,1.0,1.0
Vaccine,69,do(Vaccination=Vaccinated),Immunity,0.22540000000000004,0.04512677070828333,0.04512677070828333,True,True,1.0,1.0
Vaccine,69,do(ImmuneHealth=Strong),Immunity,0.0242,0.0048509003601440726,0.0048509003601440726,True,True,1.0,1.0
Vaccine,69,do(AntibodyResponse=High),Immunity,0.2762,0.055317406962785115,0.055317406962785115,True,True,1.0,1.0
Vaccine,70,do(Vaccination=Vaccinated),Immunity,0.2158,0.04309087635054021,0.04309087635054021,True,True,1.0,1.0
Vaccine,70,do(ImmuneHealth=Strong),Immunity,0.01859999999999995,0.003703481392557023,0.003703481392557023,True,True,1.0,1.0
Vaccine,70,do(AntibodyResponse=High),Immunity,0.26480000000000004,0.05287274909963985,0.05287274909963985,True,True,1.0,1.0
Vaccine,71,do(Vaccination=Vaccinated),Immunity,0.22899999999999998,0.04592316926770709,0.04592316926770709,True,True,1.0,1.0
Vaccine,71,do(ImmuneHealth=Strong),Immunity,0.020000000000000018,0.0040116446578631615,0.0040116446578631615,True,True,1.0,1.0
Vaccine,71,do(AntibodyResponse=High),Immunity,0.2724,0.05461632653061224,0.05461632653061224,True,True,1.0,1.0
Vaccine,72,do(Vaccination=Vaccinated),Immunity,0.22119999999999995,0.044164585834333664,0.044164585834333664,True,True,1.0,1.0
Vaccine,72,do(ImmuneHealth=Strong),Immunity,0.02059999999999995,0.004139015606242441,0.004139015606242441,True,True,1.0,1.0
Vaccine,72,do(AntibodyResponse=High),Immunity,0.2667999999999999,0.05328895558223287,0.05328895558223287,True,True,1.0,1.0
Vaccine,73,do(Vaccination=Vaccinated),Immunity,0.21020000000000005,0.04212665066026414,0.04212665066026414,True,True,1.0,1.0
Vaccine,73,do(ImmuneHealth=Strong),Immunity,0.02400000000000002,0.004812124849940036,0.004812124849940036,True,True,1.0,1.0
Vaccine,73,do(AntibodyResponse=High),Immunity,0.2552,0.05110324129651864,0.05110324129651864,True,True,1.0,1.0
Vaccine,74,do(Vaccination=Vaccinated),Immunity,0.2188,0.04366770708283316,0.04366770708283316,True,True,1.0,1.0
Vaccine,74,do(ImmuneHealth=Strong),Immunity,0.01859999999999995,0.003715246098439401,0.003715246098439401,True,True,1.0,1.0
Vaccine,74,do(AntibodyResponse=High),Immunity,0.2617999999999999,0.052302160864345776,0.052302160864345776,True,True,1.0,1.0
Vaccine,75,do(Vaccination=Vaccinated),Immunity,0.22719999999999996,0.04547406962785114,0.04547406962785114,True,True,0.0,0.0
Vaccine,75,do(ImmuneHealth=Strong),Immunity,0.01959999999999995,0.0039241296518607305,0.0039241296518607305,True,True,0.0,0.0
Vaccine,75,do(AntibodyResponse=High),Immunity,0.27459999999999996,0.054928091236494586,0.054928091236494586,True,True,0.0,0.0
Vaccine,76,do(Vaccination=Vaccinated),Immunity,0.2046,0.0409643457382953,0.0409643457382953,True,True,1.0,1.0
Vaccine,76,do(ImmuneHealth=Strong),Immunity,0.0232,0.0046867947178871605,0.0046867947178871605,True,True,1.0,1.0
Vaccine,76,do(AntibodyResponse=High),Immunity,0.25680000000000003,0.0514296518607443,0.0514296518607443,True,True,1.0,1.0
Vaccine,77,do(Vaccination=Vaccinated),Immunity,0.21660000000000001,0.04331692677070825,0.04331692677070825,True,True,1.0,1.0
Vaccine,77,do(ImmuneHealth=Strong),Immunity,0.020000000000000018,0.004001680672268915,0.004001680672268915,True,True,1.0,1.0
Vaccine,77,do(AntibodyResponse=High),Immunity,0.26159999999999994,0.05237082833133255,0.05237082833133255,True,True,1.0,1.0
Vaccine,78,do(Vaccination=Vaccinated),Immunity,0.21420000000000006,0.04281524609843934,0.04281524609843934,True,True,1.0,1.0
Vaccine,78,do(ImmuneHealth=Strong),Immunity,0.020000000000000018,0.004016206482592988,0.004016206482592988,True,True,1.0,1.0
Vaccine,78,do(AntibodyResponse=High),Immunity,0.2592,0.05180300120048015,0.05180300120048015,True,True,1.0,1.0
Vaccine,79,do(Vaccination=Vaccinated),Immunity,0.21340000000000003,0.042585234093637486,0.042585234093637486,True,True,1.0,1.0
Vaccine,79,do(ImmuneHealth=Strong),Immunity,0.020199999999999996,0.004035654261704713,0.004035654261704713,True,True,1.0,1.0
Vaccine,79,do(AntibodyResponse=High),Immunity,0.261,0.05213997599039624,0.05213997599039624,True,True,1.0,1.0
Vaccine,80,do(Vaccination=Vaccinated),Immunity,0.2146,0.04300504201680677,0.04300504201680677,True,True,1.0,1.0
Vaccine,80,do(ImmuneHealth=Strong),Immunity,0.019400000000000084,0.0038782713085234177,0.0038782713085234177,True,True,1.0,1.0
Vaccine,80,do(AntibodyResponse=High),Immunity,0.253,0.05069627851140457,0.05069627851140457,True,True,1.0,1.0
Vaccine,81,do(Vaccination=Vaccinated),Immunity,0.21139999999999992,0.04229735894357742,0.04229735894357742,True,True,0.8571428571428571,0.8571428571428571
Vaccine,81,do(ImmuneHealth=Strong),Immunity,0.01979999999999993,0.003942737094837917,0.003942737094837917,True,True,0.8571428571428571,0.8571428571428571
Vaccine,81,do(AntibodyResponse=High),Immunity,0.25839999999999996,0.05166170468187273,0.05166170468187273,True,True,0.8571428571428571,0.8571428571428571
Vaccine,82,do(Vaccination=Vaccinated),Immunity,0.2108,0.04212629051620642,0.04212629051620642,True,True,0.8571428571428571,0.8571428571428571
Vaccine,82,do(ImmuneHealth=Strong),Immunity,0.018399999999999972,0.0036926770708283208,0.0036926770708283208,True,True,0.8571428571428571,0.8571428571428571
Vaccine,82,do(AntibodyResponse=High),Immunity,0.253,0.050627611044417764,0.050627611044417764,True,True,0.8571428571428571,0.8571428571428571
Vaccine,83,do(Vaccination=Vaccinated),Immunity,0.22000000000000008,0.04412749099639854,0.04412749099639854,True,True,0.8571428571428571,0.8571428571428571
Vaccine,83,do(ImmuneHealth=Strong),Immunity,0.021600000000000064,0.004325690276110378,0.004325690276110378,True,True,0.8571428571428571,0.8571428571428571
Vaccine,83,do(AntibodyResponse=High),Immunity,0.2652,0.0531753901560624,0.0531753901560624,True,True,0.8571428571428571,0.8571428571428571
Vaccine,84,do(Vaccination=Vaccinated),Immunity,0.2118000000000001,0.0423974789915966,0.0423974789915966,True,True,1.0,1.0
Vaccine,84,do(ImmuneHealth=Strong),Immunity,0.022600000000000064,0.00451668667466984,0.00451668667466984,True,True,1.0,1.0
Vaccine,84,do(AntibodyResponse=High),Immunity,0.2602000000000001,0.052067947178871504,0.052067947178871504,True,True,1.0,1.0
Vaccine,85,do(Vaccination=Vaccinated),Immunity,0.23040000000000005,0.046042376950780284,0.046042376950780284,True,True,1.0,1.0
Vaccine,85,do(ImmuneHealth=Strong),Immunity,0.02080000000000004,0.0041469387755102005,0.0041469387755102005,True,True,1.0,1.0
Vaccine,85,do(AntibodyResponse=High),Immunity,0.2752,0.055007322929171654,0.055007322929171654,True,True,1.0,1.0
Vaccine,86,do(Vaccination=Vaccinated),Immunity,0.2105999999999999,0.042203841536614606,0.042203841536614606,True,True,1.0,1.0
Vaccine,86,do(ImmuneHealth=Strong),Immunity,0.02499999999999991,0.004969267707082781,0.004969267707082781,True,True,1.0,1.0
Vaccine,86,do(AntibodyResponse=High),Immunity,0.2607999999999999,0.05223757503001197,0.05223757503001197,True,True,1.0,1.0
Vaccine,87,do(Vaccination=Vaccinated),Immunity,0.21699999999999997,0.043330492196878734,0.043330492196878734,True,True,1.0,1.0
Vaccine,87,do(ImmuneHealth=Strong),Immunity,0.01959999999999995,0.003920048019207645,0.003920048019207645,True,True,1.0,1.0
Vaccine,87,do(AntibodyResponse=High),Immunity,0.26339999999999997,0.05259663865546216,0.05259663865546216,True,True,1.0,1.0
Vaccine,88,do(Vaccination=Vaccinated),Immunity,0.21539999999999992,0.04303409363745497,0.04303409363745497,True,True,1.0,1.0
Vaccine,88,do(ImmuneHealth=Strong),Immunity,0.023599999999999954,0.0047414165666266606,0.0047414165666266606,True,True,1.0,1.0
Vaccine,88,do(AntibodyResponse=High),Immunity,0.2619999999999999,0.05235522208883553,0.05235522208883553,True,True,1.0,1.0
Vaccine,89,do(Vaccination=Vaccinated),Immunity,0.21800000000000008,0.04367719087635058,0.04367719087635058,True,True,1.0,1.0
Vaccine,89,do(ImmuneHealth=Strong),Immunity,0.02080000000000004,0.0041408163265306,0.0041408163265306,True,True,1.0,1.0
Vaccine,89,do(AntibodyResponse=High),Immunity,0.2644000000000001,0.05294933973589444,0.05294933973589444,True,True,1.0,1.0
Vaccine,90,do(Vaccination=Vaccinated),Immunity,0.22160000000000002,0.04434297719087629,0.04434297719087629,True,True,1.0,1.0
Vaccine,90,do(ImmuneHealth=Strong),Immunity,0.021399999999999975,0.004263985594237685,0.004263985594237685,True,True,1.0,1.0
Vaccine,90,do(AntibodyResponse=High),Immunity,0.267,0.05342617046818729,0.05342617046818729,True,True,1.0,1.0
Vaccine,91,do(Vaccination=Vaccinated),Immunity,0.21499999999999997,0.042972869147659076,0.042972869147659076,True,True,1.0,1.0
Vaccine,91,do(ImmuneHealth=Strong),Immunity,0.018000000000000016,0.003598079231692697,0.003598079231692697,True,True,1.0,1.0
Vaccine,91,do(AntibodyResponse=High),Immunity,0.257,0.05139591836734697,0.05139591836734697,True,True,1.0,1.0
